Word,Frequency
go,265
jurong,1
point,13
crazy,15
available,14
bugis,7
n,124
great,103
world,24
la,7
e,81
buffet,2
cine,7
got,243
amore,1
wat,91
ok,245
lar,38
joking,6
wif,27
u,997
oni,4
free,233
entry,21
two,467
wkly,9
comp,9
win,49
fa,2
cup,6
final,14
tkts,2
21st,2
may,41
2005,2
text,167
87121,2
receive,31
questionstd,1
txt,134
ratetcs,1
apply,24
08452810075over18s,1
dun,55
say,82
early,33
hor,2
c,73
already,90
nah,10
dont,266
think,130
goes,26
usf,11
lives,4
around,61
though,26
freemsg,12
hey,111
darling,5
three,62
weeks,17
word,29
back,145
id,30
like,231
fun,30
still,146
tb,4
xxx,31
std,6
chgs,1
send,162
pound150,18
rcv,2
even,56
brother,17
speak,30
treat,15
aids,1
patent,1
per,47
request,5
melle,2
oru,2
minnaminunginte,1
nurungu,1
vettam,1
set,17
callertune,4
callers,2
press,6
nine,20
copy,6
friends,45
winner,13
valued,8
network,25
customer,45
selected,24
receivea,1
pound900,6
prize,77
reward,7
claim,94
call,468
09061701461,1
code,27
kl341,1
valid,20
12,6
hours,18
mobile,112
11,6
months,12
r,137
entitled,5
update,17
latest,29
colour,15
mobiles,9
camera,22
co,3
08002986030,1
im,453
gon,59
na,106
home,151
soon,56
want,185
talk,44
stuff,43
anymore,8
tonight,59
k,68
ive,76
cried,1
enough,27
today,128
six,32
chances,1
cash,61
100,12
20000,1
pounds,17
csh11,1
87575,2
cost,29
150pday,1
6days,1
16,37
tsandcs,1
reply,123
hl,3
four,253
info,10
urgent,59
one,229
week,99
membership,2
pound100000,1
jackpot,1
81010,1
tc,18
lccltd,1
pobox,11
4403ldnw1a7rw18,1
searching,4
right,81
words,19
thank,28
breather,1
promise,9
wont,53
take,118
help,48
granted,1
fulfil,1
wonderful,15
blessing,2
times,24
date,17
sunday,8
xxxmobilemovieclub,1
use,41
credit,14
click,7
wap,9
link,10
next,62
message,67
xxxmobilemovieclubcomnqjkgighjjgcbl,1
oh,109
kim,1
watching,31
eh,12
remember,31
spell,3
name,40
yes,77
v,48
naughty,6
make,96
wet,5
fine,42
thats,97
way,94
feel,58
gota,1
b,65
england,7
macedonia,1
miss,69
goalsteam,1
news,14
ur,314
national,10
team,5
87077,7
eg,10
trywales,1
scotland,3
4txt120,1
poboxox36504w45wq,1
seriously,6
going,165
try,45
ha,16
pay,31
first,57
da,124
stock,5
comin,11
aft,19
finish,42
lunch,38
str,4
lor,155
ard,22
smth,16
ffffffffff,1
alright,23
meet,75
sooner,4
forced,1
eat,38
slice,2
really,84
hungry,14
tho,17
sucks,7
mark,8
getting,50
worried,9
knows,9
sick,9
turn,4
pizza,8
lol,73
always,51
convincing,1
catch,9
bus,28
frying,3
egg,3
tea,6
eating,7
moms,9
left,30
dinner,34
love,176
amp,55
packing,1
car,37
ill,208
let,68
know,239
theres,29
room,33
ahhh,1
work,86
vaguely,1
wait,58
clear,3
sure,70
sarcastic,2
x,45
doesnt,27
live,37
us,58
yeah,86
apologetic,1
fallen,1
actin,1
spoilt,1
child,3
caught,3
till,21
badly,1
cheers,8
tell,127
anything,69
fear,2
fainting,1
housework,1
quick,8
cuppa,1
thanks,75
subscription,4
ringtone,23
uk,12
charged,11
pound5month,1
please,116
confirm,10
replying,7
yup,40
look,30
timings,1
msg,70
xuhui,3
learn,6
2nd,26
lesson,17
8am,2
oops,10
roommates,5
done,47
see,149
letter,4
decide,8
hello,43
hows,44
saturday,13
texting,6
youd,8
decided,15
tomo,17
trying,41
invite,3
pls,86
ahead,6
watts,1
wanted,26
weekend,30
abiola,11
forget,16
need,162
crave,11
sweet,27
arabian,1
steed,1
mmmmmm,2
yummy,3
07732584351,1
rodger,1
burns,2
tried,20
sms,35
nokia,50
camcorder,13
08000930705,14
delivery,18
tomorrow,79
seeing,12
hope,100
man,35
well,130
endowed,1
ltgt,254
inches,4
callsmessagesmissed,1
calls,20
didnt,78
get,362
hep,1
immunisation,1
nigeria,8
fair,3
hopefully,5
tyler,5
cant,109
could,59
maybe,31
ask,87
bit,42
stubborn,1
hospital,9
kept,6
telling,14
weak,5
sucker,1
hospitals,2
suckers,1
thinked,1
time,199
saw,23
class,45
gram,3
usually,6
runs,3
half,34
eighth,2
smarter,1
gets,11
almost,13
whole,14
second,18
fyi,6
ride,5
morning,66
hes,33
crashing,1
place,50
wow,12
never,40
realized,3
embarassed,4
accomodations,1
thought,47
liked,7
since,27
best,39
seemed,4
happy,95
cave,1
sorry,120
give,96
offered,1
embarassing,1
ac,4
sptv,2
new,124
jersey,1
devils,1
detroit,2
red,5
wings,1
play,30
ice,8
hockey,2
correct,10
incorrect,1
end,38
mallika,1
sherawat,1
yesterday,22
find,69
lturlgt,2
congrats,12
year,44
special,27
cinema,6
pass,9
09061209465,1
suprman,1
matrix3,1
starwars3,1
etc,10
bx420ip45we,1
150pm,3
later,97
meeting,36
reached,9
yesgauti,1
sehwag,1
odi,2
series,4
pick,60
dollar1,1
burger,3
move,10
pain,21
killing,2
good,216
joke,5
girls,16
situation,7
seekers,1
part,24
checking,9
iq,2
took,17
forever,9
come,208
double,16
check,36
hair,24
dresser,3
said,75
wun,7
cut,13
short,7
nice,47
pleased,5
advise,2
following,6
recent,2
review,5
mob,18
awarded,30
pound1500,3
bonus,17
09066364589,1
song,10
dedicated,1
day,181
dedicate,1
valuable,3
frnds,10
rply,6
complimentary,10
trip,19
eurodisinc,1
trav,1
acoentry41,1
pound1000,26
dis,25
18sixpound150morefrmmob,1
shracomorsglsupltten,1
ls1,1
3aj,1
hear,30
divorce,2
barbie,1
comes,18
kens,1
plane,3
month,29
wah,4
lucky,17
save,10
money,57
hee,13
finished,19
hi,125
babe,78
wan,92
something,68
xx,11
kkwhere,2
youhow,1
performed,1
waiting,48
machan,4
cool,40
gentleman,2
dignity,2
respect,2
peoples,1
much,109
shy,2
pa,29
operate,1
looking,27
job,38
tas,1
earn,2
ah,30
stop,137
urgnt,3
real,34
yo,37
tickets,10
jacket,2
used,15
multis,1
started,17
requests,3
came,23
bed,32
coins,4
factory,1
ta,16
nitros,2
ela,2
kanoil,1
download,13
wen,19
stand,7
close,15
youll,15
another,34
night,107
spent,8
late,52
afternoon,24
casualty,1
means,21
havent,48
stuff42moro,1
includes,1
sheets,3
smile,33
pleasure,6
trouble,7
pours,1
rain,8
sum1,2
hurts,6
becoz,3
someone,52
loves,6
smiling,15
service,51
representative,6
0800,9
169,1
6031,1
10am9pm,1
guaranteed,40
pound5000,13
planning,8
buy,60
lido,3
530,5
show,24
collected,2
simply,5
password,5
mix,2
85069,1
verify,2
usher,1
britney,1
fml,3
telugu,1
moviewat,1
abt,26
loads,11
loans,2
wk,21
hols,3
run,21
forgot,28
hairdressers,1
appointment,4
shower,11
beforehand,1
cause,18
prob,13
ham,3
nothing,38
else,24
okay,26
price,21
long,42
legal,4
ave,7
ams,1
gone,15
4the,1
driving,22
test,21
yet,50
youre,54
mean,20
guess,37
gave,10
boston,5
men,9
changed,7
search,14
location,2
nyc,4
cuz,7
signin,1
page,7
says,26
umma,7
life,66
vava,3
lot,30
dear,88
wishes,4
birthday,26
making,23
truly,4
memorable,1
aight,33
hit,13
would,74
ip,1
address,20
considering,4
computer,10
isnt,19
minecraft,1
server,1
grumpy,1
old,20
people,41
mom,12
better,42
lying,1
jokes,3
worry,22
busy,18
plural,1
noun,2
research,4
dinnermsg,1
cos,76
things,50
scared,5
mah,13
loud,3
gent,1
contact,58
last,72
weekends,9
draw,37
shows,33
09064012160,1
k52,2
12hrs,15
150ppm,28
wa,3
openin,1
sentence,2
formal,1
anyway,27
juz,25
tt,4
eatin,7
puttin,2
weighthaha,1
anythin,3
happened,16
entered,8
cabin,2
bday,11
boss,6
felt,10
askd,6
invited,9
apartment,4
went,48
specially,8
holiday,36
flights,5
inc,7
operator,10
0871277810910pmin,1
18,36
goodo,2
must,26
friday,13
eggpotato,1
ratio,1
tortilla,2
needed,3
hmmmy,1
uncle,12
informed,4
paying,8
school,25
directly,6
food,22
private,17
2004,7
account,35
statement,16
07742676969,1
786,3
unredeemed,15
points,19
08719180248,1
identifier,15
45239,2
expires,16
pound2000,29
caller,13
fivenine03,1
landline,28
09064019788,1
box42wr29c,1
applespairsall,1
malarky,1
todays,23
voda,5
numbers,12
ending,8
7548,1
dollar350,1
award,25
match,11
08712300220,6
quoting,5
4041,1
standard,6
rates,8
app,6
sao,1
mu,14
predict,1
buying,9
knowyetunde,1
hasnt,5
sent,60
bother,7
sending,12
involve,1
shouldnt,6
imposed,1
apologise,3
girl,28
del,7
bak,8
sum,2
lucyxx,1
kkhow,4
tmorrowpls,1
accomodate,1
answer,15
question,16
sunshine,6
quiz,8
q,4
top,19
sony,6
dvd,6
player,11
country,5
algarve,1
ansr,2
82277,3
sptyrone,2
laid,4
dogging,11
locations,5
direct,11
join,27
uks,9
largest,4
bt,17
txting,8
gravel,1
69888,2
nt,15
ec2a,4
31pmsg150p,2
haf,23
msn,2
yijuehotmailcom,1
rooms,3
befor,2
activities,2
msgs,12
chat,48
svc,1
hardcore,3
services,17
69988,1
age,13
yr,14
lazy,9
type,12
lect,9
pouch,2
sir,30
mail,22
swt,2
nver,1
tired,11
little,30
lovable,4
persons,3
cozsomtimes,1
occupy,2
biggest,3
hearts,1
gud,42
ni8,9
open,17
ya,55
dot,2
whats,33
staff,2
taking,18
replied,5
randy,2
sexy,23
female,3
local,6
luv,29
netcollex,4
ltd,11
08700621170150p,2
ummmawill,1
inour,1
begin,5
qatar,4
pray,8
hard,14
ki,6
deleted,4
sindu,1
birla,3
soft,3
wine,10
flowing,2
nevering,1
thk,50
plaza,2
typical,1
everywhere,2
dirt,1
floor,3
windows,2
shirt,4
sometimes,8
mouth,2
dream,9
without,23
chores,1
joy,3
lots,17
tv,23
exist,1
hail,1
mist,1
become,6
aaooooright,1
leaving,16
house,34
interview,4
boy,25
meare,1
missing,21
annoncement,1
years,23
07046744435,1
arrange,6
0871277810810,1
keep,65
safe,11
envy,1
everyone,16
sees,1
parentsi,1
hand,9
excited,1
spend,10
bootydelious,1
32f,1
inviting,5
friend,45
yes434,1
no434,1
frnd,14
62468,5
bangbabes,1
order,20
content,15
goto,7
bangb,1
internetservice,1
menu,4
cultures,1
module,2
09061701939,1
s89,1
avoid,2
missunderstding,1
wit,15
beloved,2
ones,12
escape,3
fancy,14
bridge,1
needs,16
lager,1
completely,7
formclark,1
also,68
utter,1
waste,6
axis,1
bank,14
hmmm,9
hop,7
muz,11
discuss,5
liao,35
coming,48
bloody,4
hell,11
believe,19
surname,1
mr,11
clue,1
spanish,3
begins,1
bath,11
goodfine,1
youve,12
carlos,15
mall,3
turns,6
staying,9
til,25
smoke,17
dollar,9
worth,12
log,13
spoke,4
maneesha,1
wed,8
satisfied,1
experience,5
toll,1
lifted,1
hopes,1
offer,26
especially,9
approaches,1
studying,9
anyways,4
gr8,17
trust,9
guys,35
greatbye,1
handsome,1
finding,1
working,28
towards,6
net,7
mummy,3
wheres,8
boytoy,16
haha,48
awesome,19
minute,15
freephone,4
0808,1
145,1
4742,1
9am11pm,1
xmas,23
radio,4
jus,35
bathe,10
sis,17
using,9
finishes,3
unique,3
30th,1
august,3
joined,5
league,1
touch,16
deal,8
personal,6
finally,14
completed,2
course,13
however,8
suggest,3
stays,2
able,26
ors,1
every,64
stool,1
settled,3
wishin,1
mrng,9
hav,22
story,11
hamster,2
dead,8
tmr,28
1pm,1
orchard,11
mrt,9
kate,11
evening,24
babyjontet,1
found,15
enc,1
bucks,7
darlin,14
college,15
refilled,1
successfully,2
inr,1
ltdecimalgt,17
keralacircle,1
prepaid,1
balance,5
rs,7
transaction,3
kr,1
goodmorning,12
sleeping,15
ga,1
alter,1
dat,34
ericsson,2
oso,23
oredi,15
dats,3
straight,6
dogg,1
connection,5
refund,1
bill,10
shoot,4
big,35
ready,39
bruv,2
break,17
rewarding,2
semester,10
kkgoodstudy,1
noe,20
leh,29
sounds,16
heading,2
prediction,1
slept,8
past,7
nights,4
easy,24
ahsen,1
exam,10
march,11
gt,7
atm,3
register,2
os,2
called,29
ubandu,1
installing,2
diskyou,1
important,25
files,4
system,6
repair,2
shop,16
happen,20
romantic,3
nite,21
scenery,1
500,18
89545,3
collect,23
todayfrom,2
pound1,3
2optout,4
08718726270150gbpmtmsg18,3
appreciate,7
partner,4
career,3
flyng,1
start,30
horo,2
followed,4
star,2
sign,7
g,19
aries,1
company,16
elama,1
po,25
mudyadhu,1
strict,1
teacher,3
bcoz,7
teaches,4
conducts,2
lessons,9
gandhipuram,1
walk,18
cross,3
road,8
side,13
street,8
rubber,1
battery,7
died,6
yeshere,1
flirt,7
10p,13
sam,4
25,5
recdthirtyeight,1
pence,2
printed,2
upstairs,2
closer,4
youwhen,1
wil,17
reach,30
theory,2
argument,3
wins,3
loses,1
person,31
argue,2
kick,6
447801259231,1
secret,11
admirer,7
ufind,6
rreveal,6
thinks,11
specialcall,6
09058094597,1
tomarrow,3
hearing,1
laptop,11
case,12
pleassssssseeeeee,1
tel,12
avent,3
sportsx,1
shining,2
meant,14
signing,2
although,2
told,50
baig,1
face,29
watches,1
watch,32
fr,13
thanx,29
everything,28
uve,7
touched,2
commercial,2
website,5
slippers,3
asked,25
kallis,5
bat,3
innings,3
goodnight,7
fix,5
wake,25
dearly,3
missed,22
sleep,55
congratulations,13
cd,8
vouchers,13
125gift,2
music,16
87066,10
tncs,5
ranjith,2
cal,5
drpd,1
deeraj,1
deepak,1
5min,2
hold,12
bcums,1
angry,11
wid,12
dnt,7
coz,14
childish,2
true,20
showing,4
deep,7
affection,1
care,60
kettoda,1
manda,1
doinghow,1
ups,1
3days,1
shipping,3
takes,14
2wks,2
usps,1
lag,2
bribe,1
nipost,1
lem,8
necessarily,2
expect,4
headin,2
mmm,4
jolt,2
suzy,2
lover,6
video,28
handset,5
750,16
anytime,15
networks,1
mins,40
unlimited,13
parked,3
mini,3
shopping,30
disturb,9
luton,1
0125698789,1
ring,19
h,1
horny,7
naked,5
hot,20
69698,2
unsubscribe,16
dint,6
wana,11
plan,28
sometme,1
credits,8
club4mobilescom,1
choose,16
club,20
87070,1
150pwk,1
club4,1
box1146,1
mk45,1
2wt,1
evo,1
flash,3
jealous,3
singles,4
chart,2
quality,7
charge,18
sorting,3
narcotics,1
ended,4
sunny,4
rays,3
leaves,6
worries,7
blue,8
bay,2
hmv,4
genuine,1
questions,8
86688,13
might,34
objection,1
bf,5
rob,1
mack,1
gf,2
theater,1
handed,3
celebrations,1
full,20
swing,12
tool,2
far,16
okie,12
usual,7
passed,4
ahold,1
anybody,4
throw,4
lets,20
baby,30
cruisin,1
hour,28
fone,13
jenny,2
ge,6
dearshall,1
tonitebusy,1
streetshall,1
tonitethings,1
okvarunnathu,1
edukkukayee,1
raksha,1
ollubut,1
sense,7
gautham,3
stupid,9
cam,4
buzy,1
accidentally,4
resend,2
tmobile,3
phone,110
upgrade,3
sim,10
card,15
loyalty,6
0845,3
021,2
3680offer,1
ends,10
28thfebtcs,1
unless,9
gurl,1
appropriate,1
hurt,20
tease,2
cry,4
die,11
plz,18
rose,6
grave,1
bslvyl,8
coffee,7
tomocant,2
somebody,11
high,7
diesel,1
shit,35
shocking,2
scary,3
imagine,7
def,4
somewhere,9
crash,2
taxi,2
fridge,1
meal,4
womdarfull,1
actor,2
blind,2
4u,6
rodds1,1
21m,1
aberdeen,1
united,1
kingdom,1
acwicmb3cktz8r7four,1
dates,4
hide,2
remb,1
book,21
jos,1
friendship,13
hanging,4
thread,2
themob,3
newest,2
selection,4
games,14
tones,22
gossip,3
babes,6
sport,6
fit,3
funky,2
82468,2
garage,3
keys,3
arent,7
bookshelf,1
accept,5
dayu,1
sister,15
dear1,1
best1,1
clos1,1
lvblefrnd,1
jstfrnd,1
cutefrnd,1
lifpartnr,1
belovd,2
swtheart,1
bstfrnd,1
enemy,2
smart,3
pound200,9
weekly,20
85222,1
nowtcs,1
winnersclub,1
box,29
84,1
m26,3
3uz,3
gbp150week,1
definitely,6
2day,8
normal,9
waythis,1
uniquei,1
rest,9
mylife,1
wot,24
lost,13
made,25
kkadvance,1
pongal,3
kb,7
power,7
yoga,7
dunno,31
tahan,2
anot,2
lo,2
dude,23
afraid,4
december,3
11mths,6
08002986906,2
cake,3
merry,6
christmas,12
kisses,4
cud,4
ppl,4
gona,3
l8,1
buses,2
waitin,4
pete,9
guild,1
bristol,2
plans,10
flight,3
problem,33
dahow,2
track,6
record,3
reading,9
women,3
read,13
light,12
kkapo,1
kgood,1
movie,20
return,5
immediately,8
germany,2
fixed,7
line,35
via,9
access,7
number,86
0844,1
861,1
85,2
prepayment,1
chance,29
evaporated,1
violated,2
privacy,2
stealing,1
employers,1
paperwork,2
report,6
supervisor,3
valentines,8
lifetime,2
83600,3
150pmsg,11
rcvd,4
custcare08718720201,1
tadaaaaa,1
wined,1
dined,1
sleepingand,1
surfing,3
calling,17
post,13
1000s,6
texts,25
wiv,8
caroline,2
favourite,3
bless,2
hiding,1
stranger,2
interested,7
cleared,3
round,8
gudnitetcpractice,1
yijue,6
huiming,1
num,6
small,10
prestige,1
shag,1
dointerested,1
sextextukcom,1
xxuk,1
69876,1
txts,10
one50,2
jeremiah,1
iphone,1
apeshit,1
ever,31
misbehaved,1
slap,2
urself,8
fault,5
basically,4
figure,10
alcohol,3
jay,11
safely,1
weed,8
ish,6
minutes,29
five,39
ago,12
wtf,4
callingforgot,1
onam,1
sirjii,1
remembered,3
met,8
insurance,7
personmeet,1
insha,1
allahrakhesh,1
ex,10
tata,1
aig,1
tisscotayseer,1
cashbalance,7
currently,12
maximize,7
cashin,7
cc,6
08708800282,1
hgsuite3422lands,6
roww1j6hl,4
unemployed,2
moment,10
st,11
andrewsboy,1
cold,6
posted,6
chikku,12
chikkudb,1
audreys,1
status,2
forward,7
dawns,1
refreshed,1
alive,2
breathe,2
air,6
z,1
updatenow,2
motorola,10
sonyericsson,5
bluetooth,7
1000,4
orange,24
mobileupd8,12
08000839402,12
call2optoutf4q,1
discount,8
rp176781,1
messages,19
08717205546,1
uniform,1
geeee,5
woke,10
wish,43
cuddling,2
spoil,1
min,33
talking,13
agree,2
willing,6
reference,7
t91,1
gbp,1
09057039994,1
seen,12
mei,5
didt,5
recognise,2
happening,7
lindsay,1
sighs,5
bars,1
ptbo,3
heron,1
payasam,1
rinu,1
brings,9
taught,1
becaus,1
verifying,1
project,13
prabu,1
mistake,7
body,5
repairs,1
quite,34
slow,11
tests,3
guide,5
ovulation,2
relax,5
reason,12
followin,1
couple,13
wallet,1
leave,53
945,1
6months,2
phones,10
call2optoutn9dx,1
owl,1
licks,2
mm,10
4mths,2
rental,10
mobilesdirect,2
08000938767,2
or2stoptxt,2
huh,20
sat,29
intro,5
pilates,6
kickboxing,1
office,23
lap,1
days,32
shut,3
bout,14
seven30ish,1
performance,1
calculated,1
monthnot,1
current,5
period,3
actually,31
rock,9
putting,6
business,3
put,27
pictures,5
ass,12
facebook,8
picture,3
al,7
salam,1
wahleykkumsharing,1
newsby,1
grace,2
god,24
tayseertissco,1
joinedhope,1
fineinshah,1
allahmeet,1
sometimerakheshvisitor,1
india,11
hmmmkbut,1
change,21
field,2
quickly,3
dai,6
administrator,2
87131,4
poly,14
tone,34
2814032,1
1st,28
3xpound150pw,1
epoundnd,1
chechi,3
cream,4
shipped,2
none,5
yep,10
loxahatchee,2
tree,3
burning,2
starts,7
stoners,1
slightly,2
disastrous,1
pm,13
fav,1
darlings,2
wld,2
stay,23
drink,17
busetop,1
messagesome,1
sendername,1
sentdate,1
fullonsmscom,3
iron,1
thing,60
okies,1
yan,5
jiu,5
skip,3
den,32
blah,3
bring,26
wendy,1
dating,15
09064012103,1
box334sk38ch,2
whatsup,1
goal,3
pound250,14
competition,4
80086,2
head,19
logo,2
names,2
heart,30
name1,1
name2,1
mobno,1
adam,1
eve,16
07123456789,1
yahoo,7
pobox36504w45wq,3
txtno,1
ads,1
150p,19
yesfrom,1
contacted,5
09111032124,1
pobox12n146tf150p,1
siva,1
hostel,4
aha,8
09058094455,1
land,16
3030,7
voice,10
speaking,2
expression,2
onechildish,1
twonaughty,1
threesentiment,1
fourrowdy,1
fiveful,1
attitude,1
sixromantic,1
sevenshy,1
eightattractive,1
ninefunny,1
irritating,3
shell,6
aathiwhere,1
urination,1
seven,25
esplanade,4
mind,35
giving,8
lift,5
wnt,3
bmw,1
urgentlyits,1
vry,3
urgentbut,1
hv,2
shortage,1
lacsthere,1
source,1
arng,1
amt,2
lacsthats,1
fifteen,4
fucking,15
respond,5
3650,1
09066382422,1
3mins,3
vary,4
300603,1
bcm4284,1
ldn,6
wc1n3xx,3
booked,10
ticket,6
hillsborough,1
th,10
askin,6
dollars,5
shoul,1
iouri,3
ten,25
applebees,2
txtjourney,1
gdnow,1
50,6
yeshe,2
greatbhaji,1
cricketer,1
sachin,1
worldvery,1
tough,6
supposed,12
oic,3
tot,21
din,8
group,6
werethe,1
monkeespeople,1
monkeyaround,1
howdy,1
gorgeous,4
blimey,1
exercise,1
kinda,9
hmm,11
concentration,1
hanks,1
lotsly,1
kkwhat,1
detail,1
transferacc,1
optimistic,1
improve,2
loan,7
purpose,2
pound500,14
pound75000,1
homeowners,1
tenants,2
welcome,12
previously,1
refused,2
1956669,1
si,5
oreo,2
truffles,2
amy,2
ure,10
beautiful,18
intelligent,4
woman,5
result,4
consistently,1
kind,16
asking,11
practicum,1
links,1
ears,1
ttyl,5
one20,1
bad,30
thru,6
different,10
feelingwavering,1
decisions,2
coping,2
individualtime,1
heal,1
gives,5
reasons,4
upgrdcentre,1
0207,2
153,2
9153,1
26th,2
july,3
tcs,25
optout,7
bye,4
railway,3
princess,31
receiving,4
oral,1
doggy,3
style,5
fave,3
position,2
enjoy,38
roads,2
slippery,1
bike,1
many,53
language,2
okmail,1
dave,3
notice,7
tenerife,7
5000,4
09061743806,2
sae,17
box326,2
cw25wx,4
screamed,2
enters,1
remove,7
flat,5
rate,18
transfered,3
removed,2
banks,3
differ,1
charges,5
differbe,1
9ja,3
details,24
moan,6
69888nyt,1
broken,2
cum,12
infront,2
wise,2
9t,2
aathilove,1
tension,2
ahwhat,1
machiany,1
8th,6
whenre,1
thinking,19
mcr,1
sec,5
taste,2
fb,6
jaykwon,1
thuglyfe,1
falconerf,1
activate,5
terms,9
conditions,4
visit,12
depends,7
boye,3
faded,1
glory,1
ralphs,1
accounts,2
dry,4
trade,2
sorryin,1
reunion,1
nowcan,1
meh,9
nope,15
monday,10
accenture,1
jackson,1
rec,2
center,3
7ish,2
reache,1
fighting,3
either,18
lose,12
fightng,1
some1,2
dificult,1
nuerologist,1
lolnice,1
fish,3
water,10
123,2
pound1450,2
09050002311,1
b4280703,1
tcsstop,2
08718727868,1
bored,22
outside,15
westshore,1
hyde,2
park,12
village,5
near,8
anthony,2
bringing,4
fees,3
rent,9
significance,1
opinion,5
jada,1
kusruthi,1
silent,6
spl,1
character,3
matured,1
eight,16
stylish,2
simple,15
gs,1
scrounge,2
ammo,1
ak,1
prabhaim,1
sorydarealyfrm,1
sory,1
forgiven,2
nojst,1
tat,6
40gb,5
ipod,9
mp3,6
83355,3
ibhltd,2
ldnw15h,2
150pmtmsgrcvd18,2
sno,1
boltblue,1
mono,2
poly3,1
cha,4
slide,2
jamz,1
toxic,1
topped,1
renewal,2
pin,5
tgxxrz,1
transport,2
less,9
problematic,1
definite,2
nos,3
booking,3
fri,15
unconscious,1
children,5
adults,1
behave,3
abnormally,1
ebay,2
elsewhere,3
shall,27
pickle,1
tacos,2
rude,3
campus,6
020903,2
attempt,22
08718729755,1
box95qu,3
85023,4
savamob,8
member,5
offers,10
cs,10
08717898035,2
pound300,4
sub,6
unsub,3
pretty,15
lady,6
single,7
recieve,1
within,8
24hrs,2
channel,2
teletext,1
pg,4
doublefaggot,1
2003,13
07815296484,1
800,13
08718738001,2
41782,1
181104,1
todaysundaysunday,1
holidayso,1
hoping,10
l8r,6
malaria,4
bani,1
leads,1
passionate,4
kiss,31
across,10
sea,14
probably,33
lt,3
fat,7
fingers,6
buttons,1
ummmmmaah,1
returns,3
tirupur,3
monthlysubscription50pmsg,1
max6month,1
tcsc,1
web,2
age16,4
2stop,1
famous,1
quote,4
develop,2
ability,2
listen,14
unconditionally,1
losing,3
temper,1
self,6
confidence,3
married,6
oclock,1
mine,15
bash,1
recovery,2
rather,7
cooped,1
hotel,7
invitation,1
cali,1
english,5
blokes,2
weddin,1
omw,7
btw,4
alibi,1
cutting,2
sink,1
paces,1
cage,1
cock,3
surrounded,1
reminding,2
owns,2
cuck,1
hurry,7
weeddeficient,1
acknowledgement,1
astoundingly,1
tactless,1
generally,3
faggy,2
demand,2
blood,3
oath,1
fo,2
warm,10
milk,3
magic,1
loose,2
weight,7
pan,2
cheap,9
perhaps,2
silly,1
likely,3
uv,1
causes,1
mutations,1
sunscreen,1
essential,3
thesedays,1
lunchyou,1
onlinewhy,1
pics,17
aiyo,6
fast,14
workin,8
bao,1
sugardad,1
ahgee,1
meim,1
brownie,1
geeeee,2
barely,6
fuck,28
2mrw,5
ninish,1
icky,1
american,3
freek,1
callin,3
jen,2
oooh,2
ridden,1
ey,2
gym,12
whatever,17
smiles,5
daddy,8
scream,6
dick,3
missy,1
yar,13
mum,15
sch,22
clean,7
lab,4
goggles,1
door,8
one000,2
two000,2
call09050000327,2
arguing,1
claims,2
09050005321,1
arngd,1
marriage,4
walkin,1
unfortuntly,1
snake,3
bites,1
dancing,2
frnt,1
sayin,1
bite,3
izzit,7
150,8
textand,1
08002988890,1
exwife,1
kids,7
jjc,1
tendencies,1
headache,3
quit,4
jazz,5
yogasana,5
em,10
meive,1
hardly,2
gotany,1
srsly,1
yi,1
spree,6
80878,2
tscs,13
custcare,5
08715705022,3
1x150pwk,3
2000,2
pound,7
08712402050,2
lines,3
10ppm,2
ag,2
promo,2
07753741225,1
08715203677,1
42478,1
24ten04,1
grand,4
prix,1
stands,1
nitz,1
announcement,5
542,3
0825,1
exhausted,3
train,9
pie,4
mums,4
present,7
ar,7
blastin,1
tsunamis,2
occur,1
rajnikant,1
stopped,5
swimming,3
indian,4
oceand,1
noon,8
xclusiveclubsaisai,1
2morow,3
28five,1
soiree,2
speciale,1
zouk,1
nichols,3
parisfree,1
roses,1
ladies,5
0794674629107880867867,1
bridgwater,1
banter,1
neva,18
imma,7
somethin,5
22,1
euro2004,3
results,4
daily,5
83222,2
valentine,8
game,18
answers,4
ques,2
suits,2
bestrply,1
dependents,1
thanx4,1
cer,1
often,4
soonc,1
himthen,1
future,7
hundreds,1
handsomes,1
beauties,1
aunties,1
uncles,2
shock,1
shuhui,7
leona,3
reaction,2
family,19
happiness,10
snow,14
weather,6
together,21
friendships,1
grow,1
dismay,1
alex,7
concerned,1
pub,17
bud,4
drinks,4
useful,2
officially,2
paid,7
market,3
tootsie,1
pop,3
longer,8
darren,12
textbuddy,2
area,13
25p,7
postcode,3
gaytextbuddycom,2
89693,2
vodafone,4
4882,1
pound350,10
matches,7
09064019014,1
forwarded,7
seventeen,1
hundred,1
ml,1
voucher,15
holder,5
pc,7
applytwo,1
80062,5
funny,7
sweetheart,2
biola,1
login,6
dad,28
fetching,1
restock,1
thanksgiving,3
sound,11
effects,2
brighten,1
wee,2
thursday,4
allo,1
braved,1
taken,2
trains,2
triumphed,1
bham,1
jolly,2
cartoon,2
listening,3
temple,2
church,2
uncomfortable,1
08715203694,1
40533,2
31ten04,2
email,17
rstm,2
sw7,2
3ss,2
gentle,5
sonetimes,1
rough,1
starting,8
panic,2
tuesday,8
wesleys,1
town,26
bet,4
hella,4
drugs,10
drug,5
dealers,1
impatient,2
sun,16
earth,4
cloud,1
river,2
evng,4
wikipediacom,1
88800,1
89034,1
premium,2
08718711108,1
lays,1
envelope,3
paper,9
repent,1
fetch,6
de,20
prepare,4
study,9
positions,1
kama,1
sutra,1
en,2
nange,1
bakra,1
kalstiyathen,1
teacoffee,1
carlosll,1
lakhs,1
ho,7
belly,5
laugh,10
sun0819,1
posts,2
helloyou,1
seem,4
20,7
opt,10
08452810071,1
ditto,1
saying,19
peace,2
knw,13
wetherspoons,1
piggy,1
awake,7
freaky,1
yelling,2
scrappy,1
lonely,4
hex,2
explain,4
sdryb8i,1
xy,9
sue,2
lapdancer,1
sex,12
bedroom,4
89555,3
textoperator,3
g2,1
1da,1
150ppmsg,1
king,7
crying,1
building,3
map,3
imprtant,1
tomorw,1
dearme,1
cherthalain,1
cochin,2
bfore,1
starti,1
accordinglyor,1
comingtmorow,1
engaged,1
ans,10
torch,7
bold,7
448712404000please,1
08712404000,1
farm,2
4d,2
1405,1
1680,1
1843,1
law,5
purchase,3
poop,2
looks,7
gpu,2
entrepreneurs,1
alexs,1
corporation,1
gap,4
ku,1
prevent,1
dehydration,1
fluids,1
weird,4
idea,7
deari,2
soso,1
smsd,1
away,24
trek,1
harri,1
drivin,4
fantastic,10
ngage,1
deck,1
alerts,1
height,3
aeronautics,1
professors,1
wer,3
calld,1
sit,6
aeroplane,1
aftr,5
ws,2
students,4
dey,4
hurried,1
saidif,1
seems,8
timing,5
shitstorm,1
attributed,1
08714712388,1
10am7pm,4
stress,3
dorm,2
sell,10
449071512431,1
uu,3
pound1250,2
09071512433,2
b4,13
050703,2
tcsbcm4235wc1n3xx,2
callcost,2
mobilesvary,2
maxpound7,3
sth,1
specs,1
px3748,1
08714712394,1
macha,1
upseti,1
assume,4
mindsetbelieve,1
uslet,1
againcall,1
sfine,1
wondar,1
flim,1
cookies,2
jelly,1
running,6
stillmaybe,1
feeling,20
sameso,1
itor,1
admiti,1
madthen,1
correctionor,1
lifeand,1
worldmay,1
runninglets,1
scrumptious,1
wants,21
ba,2
dao,1
half8th,2
exactly,4
jide,1
visiting,1
alertfrom,1
jeri,1
stewartsize,1
2kbsubject,1
lowcost,1
prescripiton,1
drvgsto,1
spring,2
yay,6
steak,1
convincingjust,1
twice,5
neglect,1
itjust,1
tonite,8
opportunityall,1
fastpls,1
add,8
prayers,1
dearrakhesh,1
offerthe,2
nokia6650,2
pound10,4
txtauction,4
81151,2
4tctxt,2
150pmtmsg,2
mayb,13
rite,19
gd,16
faster,4
gals,4
attached,2
glad,10
hadnt,1
clocks,1
shouted,2
realised,1
wahay,1
shorter,3
gaze,1
eyes,8
930,2
subscribed,3
pound3,4
82324,1
helpline,2
08706091795,2
weve,5
spoken,4
gist,2
realize,3
40,2
thousands,2
tattoos,1
premier,2
gim,3
lip,2
caveboy,1
library,8
realy,5
sorryi,1
confused,2
holla,7
anyone,15
spare,2
faith,1
makes,21
possiblehope,1
worklove,1
beautifulmay,1
christmasmerry,1
youcarlos,1
isare,1
vibrate,1
acting,1
paris,3
pound79,1
08704439680tscs,1
grandmas,1
hungover,1
unclaimed,1
09066368327,1
closingdate040902,1
claimcode,1
m39m51,1
pound150pmmorefrommobile2bremovedmobypobox734ls27yf,1
gua,1
mt,2
faber,1
yest,7
wishing,8
mas,1
advance,4
city,4
summer,7
store,9
88039,3
skilgme,3
tscs087147403231winawkage16,2
pound150perwksub,2
goin,21
meetin,4
wonder,11
tis,3
theyre,8
dramatic,1
schools,2
closed,2
apparently,4
drive,20
inch,2
anywhere,3
damn,6
hunting,1
drunkard,1
wats,13
idc,1
weaseling,1
row,4
space,6
picking,10
trash,1
smokes,4
begging,2
lovely,12
sing,5
guy,24
slave,8
punish,1
beerage,1
0578,2
randomlly,1
opening,2
couldnt,6
shes,29
fixes,1
spelling,1
diff,3
living,5
perfect,4
community,3
100psms,1
polyphonic,4
087018728737,1
toppoly,1
tune,1
subpoly,2
81618,1
pole,2
08718727870,2
enjoyed,4
fondly,1
bein,3
thot,2
ywhere,1
dogbreath,1
sounding,1
jan,3
omg,8
weighed,1
woohoo,1
uncountable,1
dictionary,2
pieces,3
9996,1
14thmarch,1
availa,1
petey,1
whereare,1
friendsare,1
thekingshead,1
canlove,1
nic,2
pobox84,4
m263uz,2
appt,4
lttimegt,6
no1,5
8077,1
mates,10
36504,4
w45wq,3
norm150ptone,3
cashto,2
08000407165,2
getstop,2
88222,2
php,2
rg21,1
4jx,1
dled,1
3d,3
imp,2
aint,9
smokin,1
boooo,1
bec,2
ugh,12
ssnervous,1
costumes,1
gift,23
yowifes,1
hint,3
pound100,18
borrow,2
bag,5
outbid,1
simonwatson5120,1
shinco,1
plyr,1
bid,7
acsmsrewards,1
notifications,1
model,6
youi,1
galileo,2
dobby,1
responding,3
boo,6
enjoyin,1
yourjob,1
gettin,9
hunnyhope,1
oktake,2
illspeak,1
2u,3
soonlots,1
loveme,2
xxxx,2
starshine,1
ache,4
sips,1
cappuccino,2
teasing,6
smsservices,1
yourinclusive,1
3qxj9,3
extra,11
08702840625comuk,2
220cm2,2
9ae,3
alfie,3
moons,3
m8s,3
charity,9
8007,16
nokias,3
polys,8
zed,5
08701417012,3
profit,4
bits,1
hahahause,1
brain,1
turned,1
green,3
burial,1
mojibiola,2
reveal,2
09065174042,1
recd,2
cust,3
07821230901,1
mate,14
rv,1
hol,2
ages,4
roadsrvx,1
skyped,2
kz,2
sura,4
given,2
ultimatum,2
countin,2
aburo,2
surely,6
successful,2
08002888812,2
inconsiderate,2
nag,2
recession,2
hence,2
voucherstext,1
nowsavamobmember,1
soo,2
understand,10
2morrow,3
comprehensive,1
prashanthettans,1
mother,5
09066350750,1
ibiza,3
ten000,1
await,16
collection,21
434,2
sk3,2
8wp,2
ppm,3
kkwhen,2
meanwhile,4
suite,3
xavier,3
seconds,3
warning,2
samantha,1
playing,5
jays,3
guitar,1
impress,1
doug,1
realizes,1
stomach,3
trauma,1
swear,1
officewhats,1
mattermsg,1
nowi,2
shoes,2
inner,1
tigress,1
version,4
poor,9
babyhope,1
urfeeling,1
bettersn,1
probthat,1
overdose,1
careful,4
spk,3
sn,3
lovejen,1
returned,3
fall,5
worlds,3
discreet,2
vip,4
83110,1
hai,7
ana,1
sathy,1
rto,1
spoons,1
named,2
tampa,8
genius,2
whenever,11
connections,2
sort,11
lotta,2
corvettes,1
lately,2
yrs,8
supply,2
cds,4
virgin,2
records,4
mystery,2
09061104283,1
pound150pm,1
approx,2
consider,2
walls,3
bunkers,1
peaceful,2
matter,5
07808,1
xxxxxx,1
08719899217,1
41685,2
071104,2
posh,1
birds,5
chaps,1
user,9
trial,1
prods,1
champneys,1
dob,1
asap,10
0721072,1
philosophical,1
hole,1
saved,3
goodno,1
problembut,1
drop,16
cuddle,3
nap,3
atleast,1
otherwise,7
shakespeare,1
shesil,3
10k,2
5k,1
travel,4
09064011000,1
ntt,6
cr01327bt,1
fixedline,1
castor,2
liverpool,2
played,3
mid,6
09058094565,2
09065171142stopsms08,1
reminder,3
downloaded,2
mymoby,1
knew,10
woul,1
lead,5
wanting,4
curfew,1
gibe,1
midnight,7
getsleep,1
studdying,1
ear,2
training,8
massages,1
oil,2
sup,6
yoyyooo,1
permissions,1
mac,2
usb,2
gibbs,2
unsoldmike,1
hussey,1
failed,3
sad,18
unbelievable,2
faglord,1
wifehow,1
murder,2
nutter,1
cutter,1
ctter,1
cttergg,1
cttargg,1
ctargg,1
ctagg,1
ie,2
thus,1
superb,2
grateful,1
opportunity,3
happier,1
agents,1
experiment,1
due,6
several,2
outstanding,3
invoices,1
possible,6
teach,6
smell,1
tobacco,1
derek,4
taylor,2
assumed,1
worst,2
charles,2
lastest,1
stereophonics,1
marley,1
dizzee,1
racal,1
libertines,1
strokes,1
nookii,1
bookmark,1
plus,24
grinule,1
greet,3
white,5
fudge,1
oreos,1
stores,2
january,5
male,3
sale,8
gay,8
cheaper,5
08709222922,2
one5pmin,2
seven8pmin,2
peak,2
08712460324,7
10pmin,9
zahers,1
ym,5
nauseous,1
pissed,5
sweets,2
pig,4
dieting,1
chip,2
iam,3
addicted,2
msging,2
wrong,11
photo,7
registered,7
yck,2
ashleys,1
avalarr,1
hollalater,1
attend,4
rounds,1
todaybut,1
websitenow,1
blogging,1
magicalsongsblogspotcom,1
chikkuil,1
diet,4
ate,6
slices,1
kvb,1
acc,4
88600,3
pound1million,1
ppt150x3normal,1
box403,1
w1t1jy,1
fridayhope,1
alternativehope,1
ore,1
mo,8
owo,1
moments,3
fro,1
wherever,5
samus,1
shoulders,1
matthew,1
09063440451,1
fourlux,1
ppm150,1
box334,1
sk38xh,4
wear,5
jeans,2
fever,4
vomitin,1
kkare,1
09061749602,1
pound10000,5
528,1
hp20,1
1yf,1
stuffed,1
bleh,2
least,12
writhing,1
tons,2
paypal,1
voila,1
pockets,1
places,5
medical,8
folks,1
150psms,1
sorta,1
blown,1
recently,7
scores,2
sophas,1
secondary,1
application,2
applying,1
ogunrinde,1
expensive,6
photos,5
08718720201,5
11414,3
tcrw1,3
lodging,1
chk,1
ms,1
dict,1
shb,1
truth,9
gravity,2
carefully,2
feels,7
heavy,5
dobbys,1
bowl,4
filthy,2
stories,1
ull,5
brand,6
decision,3
simpler,1
magical,2
welp,3
retired,1
natwest,1
pound800,7
09050001808,1
m95,1
valid12hrs,2
chad,1
gymnastics,1
site,5
christians,1
backa,1
necklace,2
token,1
youthats,1
wife,13
likingbe,1
seeno,1
thatdont,1
aptitude,1
two15,1
horse,1
racing,2
earlier,13
chicken,3
rice,2
closes,2
wrongly,1
ad,5
crap,2
borin,2
boggy,1
boring,5
biatch,1
nxt,6
il,8
hesitate,1
weakness,1
notebook,1
salary,4
chocolate,2
dayshe,1
potential,2
talent,2
reckon,2
eightish,1
carpark,1
3g,5
videophones,3
09063458130,2
videochat,3
java,3
dload,3
polyph,2
noline,3
rentl,3
fuckin,3
dropped,5
loving,15
yun,5
ahthe,1
ubi,2
tomorrowcall,1
67441233,1
ireneere,1
bus822656166382,1
cresubi,1
tech,2
park6ph,1
5wkg,1
daysn,1
sd,1
butt,3
sore,4
relaxing,1
7am,1
party,14
5ish,1
stripes,1
skirt,1
miracle,3
jesus,4
blessed,1
escalator,1
yetunde,3
quiet,2
beth,1
aunts,2
charlie,1
helen,2
nobut,1
heard,10
syllabus,1
panasonic,1
bluetoothhdset,1
doublemins,1
doubletxt,1
contract,5
seven30pm,1
poyyarikaturkolathupalayamunjalur,1
posterode,1
heroi,1
apt,1
opportunitypls,1
ltemailgt,1
kerala,4
terrible,3
fan,2
meat,1
lovers,2
supreme,1
toldshe,1
dearregret,1
cudnt,1
calldrove,1
frm,10
ctla,1
homeleft,1
carente,1
ishtamayoohappy,1
bakrid,1
exe,3
knowwait,1
glorious,1
anniversary,2
j,6
finds,1
prey,3
coaxing,1
images,1
fond,1
souveniers,1
cougarpen,1
secretly,2
fancies,3
09065394514,1
datebox1282essexcm61xn,2
150pmin,3
pattern,2
throat,4
scratches,1
plm,2
asleep,5
foreign,3
stamps,3
lecture,4
noone,1
sheffield,2
nanny,1
raise,4
zoe,2
shitin,1
defo,1
hardest,1
millions,1
lekdog,1
setting,2
filling,2
loverboy,6
blankets,1
sufficient,2
thx,2
nyt,8
edison,1
rightly,1
fool,3
speechless,2
viva,1
gm,1
atten,1
roast,3
09058097218,1
ls15hb,2
concentrate,2
educational,1
flirting,2
bloke,2
chatting,3
walked,3
serious,6
kickoff,1
euro,2
june,4
3rd,2
sells,2
data,1
analysis,1
thesis,2
belligerent,1
hiya,9
april,5
les,1
rudi,1
snoringthey,1
drunk,3
sends,2
ink,1
515,1
howre,1
throwing,1
deciding,2
eastenders,1
flower,4
compare,1
violet,1
tulip,1
f,5
lily,1
84025,2
wkent150p16,1
technical,3
support,10
processnetworking,1
daysso,1
prepared,2
finalise,1
visitneed,1
works,6
replys150,1
bitch,5
dentist,1
09058091854,1
revealed,4
box385,1
m6,1
6wu,1
bathing,4
09050003091,2
c52,2
xchat,4
lul,1
juicy,3
nurses,1
obese,1
oyea,1
oi,2
ami,1
parchi,1
kicchu,1
kaaj,1
korte,1
iccha,1
korche,1
tul,1
movies,7
copies,1
sculpture,1
convey,3
regards,4
surya,1
vijay,3
pokkiri,1
pic,11
dearer,1
dem,2
attractioni,1
meshe,1
thoughtsi,1
hershe,1
dreamlove,1
breath,2
namemy,1
hermy,1
heri,2
herwill,1
sorrowsi,1
fight,4
craziest,2
herlove,2
proove,1
planeti,1
singing,2
praises,1
curry,2
makiing,1
sambarlife,1
thenwill,1
lotwill,2
frndship,4
needle,1
clock,4
evn,2
meetitz,1
4few,1
alwys,2
conected,1
spatula,1
hands,4
sipix,2
digital,4
09061221061,1
28days,1
box177,1
m221bp,1
2yr,1
warranty,1
p,8
ppound399,1
09061790121,2
doctor,9
calis,1
complexities,1
freely,1
taxes,1
outrageous,1
tomorro,1
ryder,1
unsoldnow,1
subscriber,4
receipt,5
elvis,1
presleys,1
fret,2
strips,1
postal,1
addressull,1
alrightokay,1
gifts,1
cliff,1
ne,3
interesting,3
wrking,1
uni,5
depressed,2
sittin,1
wind,2
drops,1
black,6
aiyah,6
information,11
o2,5
onto,7
surprise,10
awaiting,8
hen,1
online,22
italian,5
grins,12
smoked,1
math,2
sfirst,1
timedhoni,1
rocks,2
teju,1
hourish,1
nothis,1
groundamla,1
durban,2
convenience,1
evaluation,1
449050000301,1
09050000301,1
speed,3
speedchat,2
80155,1
swap,1
chatter,1
chat80155,1
rcd,1
cancel,8
cheyyamoand,1
08000776320,2
okok,1
okthenwhats,1
aiyar,4
survey,2
80160,1
one50p,1
catching,3
throws,1
gal,7
falls,3
brothers,2
whos,8
hmv1,1
errors,1
difficulties,2
correction,1
howz,4
painhope,1
tau,1
sar,2
piah,1
1stchoicecouk,1
08707808226,1
wearing,4
ohas,1
film,10
hgsuite3422landsroww1j6hl,1
shades,1
copied,1
notified,1
luck,12
marketing,1
84122,1
08450542832,1
raining,6
station,6
tank,2
virgins,1
4fil,2
sexual,1
cute,6
69911pound150p,1
sitter,1
kaitlyn,1
adult,4
danger,1
peeps,1
comment,1
veggie,1
neighbors,1
computerless,1
balloon,1
passthey,1
silently,2
ntswt,1
drms,1
roommate,3
wrc,1
rally,2
oz,4
lucozade,1
energy,7
le,1
61200,1
packs,1
lucozadecoukwrc,1
itcould,1
melody,1
horrible,5
macs,1
toot,2
bigger,3
nw,5
hme,1
islands,3
chennai,12
velachery,1
flippin,1
breaking,1
cstore,1
annoying,2
hangin,1
makin,2
alivebetter,1
lodge,1
worrying,1
shame,4
quizzes,1
popcorn,1
jordan,3
celeb,1
pocketbabecouk,2
pound3wk,3
087016248,1
voicemail,2
08719181503,1
thin,1
faultal,1
arguments,1
faultfed,1
himso,1
2go,2
thanxxx,1
neft,1
credited,3
beneficiary,1
natuition,1
understanding,3
choice,4
enter,11
appreciated,2
semi,1
apart,2
delivered,4
exp,1
30apr,1
strong,5
arms,4
maaaan,1
guessin,1
walmart,3
ilol,1
personally,1
wuldnt,1
mite,4
creepy,2
lunchtime,1
organise,1
08719181513,1
kkim,2
finewhen,1
complete,7
passable,1
score,3
phd,1
5years,1
easier,4
nok,1
87021,2
txtin,2
150ptone,3
4info,2
prakesh,1
apps,3
rofl,3
betta,1
invest,2
anti,3
aging,1
products,1
1hr,2
delay,2
accommodation,1
various,3
global,1
ph08700435505150p,1
submitting,1
84128,2
08712405020,4
snatch,1
purse,2
hellodrivby0quit,1
edrunk,1
iff,1
pthis,1
senrddnot,1
dancce,1
drum,1
basqihave,1
2nhite,1
ros,1
xxxxxxx,1
morn,3
relieved,1
westonzoyland,1
greatness,1
europe,2
nobody,8
chinese,5
docs,3
songs,4
havin,3
goin2bed,1
only1more,1
mc,1
hun,3
2nitetell,1
every1,1
ava,1
goodtimeoli,1
rang,3
melnite,1
ifink,1
sortedbut,1
everythin,1
monl8rsx,1
08712402779,1
flip,2
shun,1
bian,1
glass,1
exhibition,1
el,1
nino,1
chikkugoing,1
cbe,5
honey,7
jd,1
executive,2
parents,11
picked,5
downstem,1
08718730555,1
wahala,1
inperialmusic,1
listening2the,1
weirdest,2
byleafcutter,1
johnsounds,1
insects,1
molestedsomeone,1
plumbingremixed,1
evil,1
acid,1
didntgive,1
bellearlier,1
hunny,2
exact,4
09096102316,1
2moro,3
jane,3
callspound1minmoremobsemspobox45po139wa,2
tee,2
cheery,1
cell,7
thts,4
dough,2
control,2
80488biz,1
weirdo,1
mode,7
stalk,1
profiles,1
jerry,1
irritates,1
fails,1
express,2
drinkin,2
wondering,9
others,9
dog,7
heygreat,1
dealfarm,1
tour,5
9am,1
5pm,2
dollar95pax,1
dollar50,2
deposit,1
jap,1
disappeared,1
birthdate,2
certificate,1
publish,1
dreams,12
nydc,2
wheellock,1
destination,1
fifty,1
favour,2
settling,1
happenin,1
ola,2
cocksuckers,1
ipads,1
worthless,1
garbage,2
novelty,1
items,2
tshirt,1
fran,3
broke,5
knackered,3
janx,1
ps,3
dads,2
designation,1
software,3
developer,1
jamster,2
videosound,1
gold,2
videosoundstwo,1
logosmusicnews,1
jamstercouk,1
16only,2
09701213186,1
lions,1
lionm,1
lionp,1
original,3
3gbp,2
jokin,2
spirit,1
bb,8
shattered,1
alrite,6
idiot,4
girlie,1
colours,2
darker,1
styling,1
whenevr,3
gray,1
remembr,1
listn,1
watevr,1
whileamp,1
harry,2
potter,1
phoenix,1
among,2
readers,1
shd,7
minus,1
paragraphs,1
coveragd,1
vasai,1
fouro,1
retard,1
bathroom,1
sang,1
uptown,1
80s,1
february,4
rush,4
icic,1
syria,1
canada,2
heartsnot,1
cares,2
goodnoon,2
gauge,1
pattys,1
interest,2
mondaynxt,1
vl,7
completing,1
ax,1
chill,3
6hrs,4
surgical,1
emergency,1
unfolds,1
frens,9
korean,1
leonas,1
fredericksburg,1
que,1
pases,1
un,1
buen,1
tiempo,1
chillin,3
super,6
free2day,1
georges,1
jordantxt,1
89080,1
saucy,2
celebfour,1
0870241182716,1
tmrw,2
compass,1
soul,2
worldgnun,1
way2smscom,1
baaaaabe,1
misss,1
youuuuu,1
ned,2
convince,1
tht,9
witot,1
hurting,2
main,2
sweetie,2
blackberry,4
buyer,1
melike,1
4a,2
pple,4
marry,5
becz,1
undrstndng,1
avoids,1
problems,6
chain,3
suffer,1
whn,2
arrested,3
suntec,3
steamboat,1
dance,2
moji,4
forgive,1
messenger,3
reaching,9
tp,1
fantasies,4
08707509020,3
20p,4
1327,4
croydon,4
cr9,4
5wb,4
0870k,1
bbq,1
6ish,1
everyso,1
panicks,1
outhave,1
fill,4
bar,2
write,8
threecover,1
screen,1
fourpress,1
fivegently,1
bears,2
nick,1
tom,3
fact,10
types,1
upload,3
08718730666,2
auntie,1
huai,1
juan,2
onetwo,4
linerental,4
call2optoutlf56,1
tlk,1
ideal,2
path,1
appear,1
front,2
paths,1
walking,7
arm,2
shot,3
reserve,1
thirunelvali,1
tirunelvali,2
evei,1
netno,1
availablei,1
tackle,1
storming,1
phne,1
wt,1
meaning,3
margaret,1
girlfrnd,1
grahmbell,1
invnted,1
telphone,1
moralone,1
4get,2
popped,3
tonght,1
ploughing,1
pile,1
ironing,1
chinky,1
wi,1
nz,1
players,7
unsold,3
effect,2
geelater,1
aust,1
bk,1
cafe,5
recharged,1
kidding,2
papa,1
shld,3
stretch,2
detailed,1
sinco,1
payee,1
icicibankcom,1
urn,2
beware,2
frauds,1
share,5
disclose,1
vote,5
caring,3
losers,1
kaiez,2
tuition,4
gee,5
option,3
beta,1
practicing,2
babies,2
kkany,1
noncomittal,1
beneath,1
pale,1
moon,4
goodnite,2
150pmsgrcvdhgsuite3422landsroww1j6hl,3
snickering,1
tells,5
totally,5
chords,1
nofew,1
beforewent,1
rem,5
silver,2
lmao,6
silence,2
win150ppmx3age16,1
exams,5
revision,2
boyf,1
interviw,1
exeter,2
worriedx,1
spreadsheet,1
whose,2
determine,1
entire,1
arsenal,3
dartboard,1
condition,1
doubles,1
trebles,1
coat,2
painful,3
everybody,3
recognises,1
alone,17
wisheds,1
intrepid,1
duo,1
sen,3
missin,3
guilty,3
aiya,4
cardiff,3
addie,3
tues,2
breeze,1
bright,4
fresh,1
twittering,1
yagoing,1
restaurant,2
textpod,2
pod,3
ducking,1
chinchillas,1
function,1
headstart,1
two30ish,1
desperate,2
earlierwe,1
rummer,1
flying,1
monkeys,2
certainly,3
optin,1
bbc,1
charts,1
thanks2,1
rajini,1
practical,2
stupidits,1
summers,1
matched,1
help08714742804,1
spys,1
mails,2
claire,3
2nite,9
09099725823,1
bought,5
costing,2
offering,1
yalru,1
lyfu,2
astne,1
innu,1
mundhe,1
lyf,2
ali,1
halla,1
ke,2
bilo,1
marriageprogram,1
edhae,1
ovr,1
chikkuali,1
vargu,1
meow,1
meowd,1
twelve,3
aah,3
09066362231,3
07xxxxxxxxx,3
020603,4
prone,1
07801543489,1
latests,1
wordcollect,1
no83355,1
tcllc,1
nyusa,1
150pmt,1
msgrcvd18,1
permission,1
lucy,2
hubby,2
meetins,1
cumin,1
09099726395,1
callspound1minmobsmorelkpobox177hp51fl,2
wonders,1
7th,1
6th,1
5th,1
4th,3
personality,1
nature,3
dose,1
tablet,1
incomm,1
blakes,3
waitshould,1
lotr,3
w,13
keeping,6
google,5
maps,1
tiring,1
modules,2
concentrating,1
browsin,1
compulsory,1
purity,2
messageits,2
musthu,1
investigate,1
80488,3
vomit,4
moneyas,1
youmoney,1
thinghow,1
sha,4
vitamin,1
centre,4
crucial,1
someones,1
jsco,2
2channel,1
leadership,1
skills,1
psychic,1
wquestion,1
hostbased,1
idps,1
linux,1
systems,1
0870,4
dawhats,1
total,4
converter,1
along,4
stars,3
karaoke,3
testing,2
sayy,1
loved,10
except,5
nit,2
peteis,1
leannewhat,1
file,3
format,2
disc,1
internet,6
champ,1
glasgow,1
kall,1
bestcongrats,1
lovin,1
arrive,7
shortly,4
install,1
browse,1
artists,1
corect,1
speling,1
sarcasm,2
one0803,1
08714719523,1
forum,2
ron,3
hicts,1
employee,1
aunt,2
nike,1
sooo,1
screaming,4
shouting,1
dang,1
unfortunately,2
airport,5
7250i,2
auction,15
86021,4
roww1jhl,2
difficult,12
earliest,1
nordstrom,1
konw,1
waht,1
rael,1
gving,1
yuo,2
exmpel,1
jsut,1
ese,2
tihs,2
evrey,1
splleing,1
wrnog,1
sitll,1
raed,1
wihtuot,1
ayn,1
mitsake,1
sleepsweet,1
conference,1
degree,1
joining,2
finance,2
prospects,3
bleak,1
filled,2
shant,1
jia,2
bishan,4
nearer,1
sux,2
raiden,1
buff,3
south,7
preferably,3
kegger,1
totes,1
pierre,1
cardin,1
costs,5
rhythm,2
establish,1
truro,1
ext,1
gas,13
gang,3
adventure,2
worryuse,1
cloth,1
packalso,1
tablets,3
sunroof,1
excellent,7
finishing,3
doors,3
wifi,2
blanked,1
image,1
noi,1
rumour,1
kalainar,1
officethenampet,1
7250,2
nosy,1
idk,4
reacting,1
freaked,1
satanic,1
imposter,1
meneed,1
priceso,1
itmay,1
destiny,1
companion,1
chef,1
listener,1
organizer,1
boyfriend,2
sympathetic,1
athletic,1
courageous,1
determined,1
dependable,1
psychologist,1
pest,1
exterminator,1
psychiatrist,1
healer,1
stylist,1
driver,2
aaniye,1
pudunga,1
venaam,1
brothas,3
chasing,3
chez,1
jules,1
hhahhaahahah,1
nig,1
leonardo,1
dereks,1
ltthree,3
kicks,2
john,8
2years,1
strain,1
dime,2
transfer,2
withdraw,1
anyhow,1
falling,1
force,2
smeone,1
millers,1
fire,2
spark,1
flame,2
rawring,1
xoxo,1
somewhr,1
crushes,1
honeymoon,1
outfit,1
propose,2
08719899230,1
blame,2
gods,8
blessings,2
cheque,1
olympics,1
leo,1
kthen,2
patty,1
donewant,1
haul,1
wildlife,1
want2come,1
that2worzels,1
wizzle,1
dippeditinadew,1
lovingly,1
itwhichturnedinto,1
gifted,1
tomeandsaidthis,1
shanghai,1
instead,7
cya,1
freezing,3
645,1
rtking,1
pro,1
inforingtonekingcouk,1
08701237397,1
redeemable,1
thnx,1
sef,1
anjie,1
batch,2
fring,1
flaky,2
sooooo,2
laughing,4
winning,3
tooo,2
nte,2
09058094599,1
confuses,2
wating,1
250,4
british,2
hotels,2
london,5
02072069400,1
bx,1
526,1
sw73ss,2
talents,1
6pm,3
animal,1
buzz,7
adoring,2
eerie,3
title,2
dracula,1
titles,2
ghost,1
addamsfa,1
munsters,1
exorcist,1
twilight,1
brought,4
shiny,1
warming,1
constant,2
cared,2
wasnt,15
surprised,4
french,1
fooled,1
0adollarnetworks,1
allow,2
companies,1
responsible,1
suppliers,1
comedycant,1
freemsgfeelin,1
lnly,1
jst,4
moby,4
pictxt,1
82242,3
msg150p,2
2rcv,2
hlp,2
08712317606,2
keen,1
switch,2
dammit,1
wright,1
fly,1
somewhat,1
event,2
laden,1
wrecked,1
spontaneously,1
goodevening,1
bagi,1
lei,23
action,3
80608,1
08712405022,1
waking,5
sif,1
partnership,2
rgent,1
lookin,6
daytime,1
busty,1
09099726429,1
janinexx,1
mostly,2
inside,7
spageddies,1
phasing,1
fourth,1
dimension,1
yesbut,1
meaningful,1
compromised,1
lmaonice,1
09050001295,1
a21,1
monthly,3
mobsicom,1
391784,1
dub,1
je,1
toughest,1
pound6,2
ideas,4
sight,5
remain,3
maintain,2
shjas,1
squatting,1
cramps,3
0089my,1
digits,1
received,4
09063442151,1
ringtoneget,1
freesend,1
81618three,1
weekstop,1
sms08718727870,1
nan,3
sonathaya,1
soladha,1
raping,1
dudes,1
poker,2
weightloss,1
mushy,1
embarrassed,1
stash,1
ran,4
priya,1
ordered,4
81303,3
father,7
messy,2
kilos,1
accidant,1
tookplace,1
ghodbandar,1
rd,5
traffic,2
moves,2
slovely,1
slip,2
ahnow,1
wkg,2
wherebtw,1
nus,1
sc,1
specialise,1
wad,1
likes,3
dislikes,3
keeps,2
queen,4
desparately,1
fren,4
promises,3
gotten,2
stereo,1
mi,1
unknown,2
album,2
121,2
60pmin,3
connect,3
09094646899,1
vu,1
bcm1896wc1n3xx,1
classmates,1
firesare,1
boys,6
2007,2
prebook,1
trackmarque,1
infovipclub4u,1
missionary,1
hook,5
standing,3
entertaining,1
hugh,1
laurie,1
stick,2
indeed,2
praps,1
jon,1
bin,5
spain,1
dinero,1
rents,2
12000pes,1
pound48,1
james,3
hunnywot,1
bedroomlove,1
maangalyam,1
alaipayuthe,1
complaining,1
mandy,1
sullivan,1
hotmix,1
fmyou,1
chosen,2
pound500000,1
easter,2
drawplease,1
telephone,2
09041940223,1
290305,1
transferred,1
finns,1
di,2
bahamas,2
callfreefone,1
08081560665,1
cruise,2
ofpound2000,1
18only,2
07786200117,1
calm,2
downon,1
theacusations,1
itxt,1
iwana,1
wotu,1
doin,10
thewend,1
haventcn,1
agesring,1
up4,2
nething,1
satlove,1
dine,1
conacted,1
youto,1
09111030116,1
pobox12n146tf15,1
vtired,1
social,5
inspection,1
nursery,1
detailsi,1
youmy,1
slowly,7
becomes,2
habit,2
follow,3
itmail,1
panren,1
paru,1
chuckin,1
trainners,1
carryin,1
bac,1
schedule,2
gooddhanush,1
needing,1
stuck,3
chikkusimple,1
habbahw,1
dileepthank,1
muchand,1
supportvery,1
contacts,2
hereremember,1
venugopal,1
mentionedtomorrow,1
latei,1
theregoodnight,1
remembrs,1
forgets,2
everytime,1
joys,5
mandan,1
07734396839,1
ibh,1
nokia6600,1
txtauctiontxt,1
wordstart,1
no81151,1
now4t,1
regarding,3
3230,1
textbook,1
algorithms,1
edition,1
selling,5
buns,5
adore,3
invaders,1
orig,1
arcade,4
console,1
zero,2
o2coukgames,1
settings,3
alert,4
09064018838,1
cro1327,1
atlanta,2
recharge,1
created,4
fills,2
gaps,2
holding,5
yessura,1
tvlol,1
arun,2
transfr,1
takin,4
philosophy,3
4ui,1
intend,1
iwasmarinethats,1
itried2tell,1
urmomi,1
careabout,1
foley,1
exciting,4
prizes,1
eye,2
desparate,2
learned,1
fake,1
answering,4
iraq,1
afghanistan,1
stable,1
honest,1
traveling,1
blessget,1
1225,1
pound50award,1
3100,2
pai,1
seh,1
beer,3
combine,2
parts,1
walsall,1
tue,1
terry,1
jess,4
sian,2
ccna,1
shrek,1
3db,1
dirty,4
fellow,1
somethings,1
dying,1
lifting,1
teresa,1
package,4
dec,1
yould,1
bam,1
aid,1
usmle,1
squishy,1
mwahs,1
hottest,1
g696ga,2
prominent,1
cheek,1
september,1
husband,3
hack,1
backdoor,1
fraction,1
neo69,1
09050280520,1
subscribe,1
dps,1
bcm,1
8027,1
norm,3
four15,1
list,6
joanna,2
comingdown,1
dagood,1
replacement,2
murali,1
playerwhy,1
sts,1
engalnd,1
telly,2
mia,1
elliot,1
kissing,1
upto,4
12mths,2
one2price,1
xnet,1
mins100txtmth,1
btooth,2
08001950382,3
2optoutd3wv,1
wiproyou,1
matric,1
850,1
toa,3
payoh,3
650,1
08718726970,1
btnationalrate,7
payments,1
fedex,1
kyou,1
reception,1
godi,1
youclean,1
bloodsend,1
itplspls,1
hate,5
consensus,1
entertain,1
delete,2
tag,1
wednesday,8
skype,4
laundry,2
underwear,2
bras,1
strewn,1
pillows,1
waheed,2
fathima,3
mmmm,3
weaknesses,1
pushes,2
knees,2
exposes,1
pulls,1
wicked,1
sh,1
readyall,1
supports,1
srt,1
thnk,5
ps3,1
jontin,1
prizeto,1
nearly,3
banned,1
pen,1
beyond,3
biro,1
masters,4
09058094594,1
unconsciously,1
avoiding,2
unhappy,1
excuse,7
jog,1
0776xxxxxxx,1
18yrs,2
09061743811,1
abta,3
326,2
season,5
lark,1
stations,1
09090900040,1
extreme,1
sic,1
60p,1
247mp,1
0870753331018,1
videopic,1
fones,1
wild,1
150prcvd,1
stop2stop,1
uh,2
heads,2
lim,1
vday,2
parachute,1
placed,1
80182,2
08452810073,2
therere,2
table,2
lambda,1
build,2
snowman,2
angels,1
snowball,1
fights,2
ello,1
ikea,3
ofice,1
cn,2
oficegot,1
duffer,1
grr,1
prescription,2
pharmacy,1
cook,1
electricity,2
08715500022,1
rpl,1
cnl,1
fffff,1
kadeem,3
fujitsu,2
lifebook,1
scold,2
zhong,1
se,3
qing,1
act,1
foursix,1
accordingly,2
hypertension,1
mineall,1
wud,2
annoyin,1
08702490080,1
09066358152,2
prompts,2
vpod,1
carry,3
disturbing,2
avatar,3
nigro,1
scratching,1
anyplaces,1
stops,3
cleaning,4
upset,2
priority,1
constantly,3
ecstasy,1
09090204448,1
minded,1
apound150,1
minapn,1
ls278bb,1
flies,2
hittng,1
reflex,1
costa,4
sol,4
09050090044,3
toclaim,3
pobox334,3
stockport,3
costpound150pm,3
max10mins,3
kkwhy,1
lousy,3
cat,4
tenten,1
woken,2
hip,4
adewale,1
aka,2
egbon,1
minstand,1
ic,3
mary,1
deduct,1
wrks,1
monkey,1
asshole,1
grab,1
sliding,1
09065394973,1
payback,1
31,1
honeybee,1
sweetest,1
laughed,1
waitu,1
havnt,2
moral,2
crack,1
gmgngegn,1
tescos,1
feathery,1
bowa,1
infra,1
nvm,5
gep,1
delhi,2
thinkin,8
2006,1
fifa,1
held,2
87239,4
boat,3
shhhhh,1
related,1
arul,1
amk,1
09061743810,1
length,1
fringe,2
distract,2
santha,1
corrct,1
dane,1
baskets,1
proof,3
rupaul,1
61610,2
help08712400602450p,2
provided,3
tones2youcouk,2
practising,1
curtsey,1
yeh,2
memory,1
mon,8
converted,1
themobyo,1
yohere,1
downloads,3
members,3
ssindia,1
african,1
soil,1
major,3
roles,1
outreach,1
mel,2
birth,3
8lb,1
7oz,1
brilliantly,1
forwarding,1
intention,1
visitors,1
rules,1
responsibility,2
bend,1
rule,3
thia,1
inlude,1
previews,1
freefone,3
08006344447,1
ambrithmaduraimet,1
dha,1
marrgeremembr,1
kitty,1
shaved,1
natural,4
onwards,3
anybodys,1
tactful,1
skillgame1winaweek,1
age16150ppermesssubscription,1
theatre,4
obviously,5
eggspert,1
potato,1
crammed,1
satsgettin,1
four47per,1
lie,3
apologize,1
admit,1
pei,1
kid,2
boost,3
subtoitles,1
sitting,9
jot,1
pack,3
storelike,1
cereals,1
gari,1
infernal,4
affair,2
including,2
bold2,1
calicut,3
09094100151,1
cast,1
aom,2
gbp5month,1
box61m60,1
1er,1
thkin,1
nd,2
parco,2
nb,2
resubbing,1
shadow,1
breadstick,1
ahmad,6
saeed,1
hallaq,2
09066362220,1
box97n7qp,3
redim,1
blueu,1
purpleu,1
pinku,1
orangei,1
lyk,1
greeni,1
yelowi,1
bck,2
blackim,1
browni,1
giv,3
color,2
arranging,1
eldest,1
drugdealer,1
gender,2
wither,1
eg23f,1
eg23g,1
sleepwellamptake,1
wondarfull,1
messagestext,1
nowuse,1
web2mobile,1
txt250com,1
one50pwk,1
box139,1
la32wu,1
txtx,1
normally,3
hunonbus,1
donyt,1
homebut,1
latelyxxx,1
85233,1
freeringtonereply,1
mca,2
rich,3
official,4
flag,5
yer,2
84199,2
eng,2
box39822,2
w111wx,2
yor,3
ownyouve,1
stressed,1
skallis,1
jason,3
soooo,1
provider,1
tming,2
subs,3
cutest,1
dice,1
art,3
inclusive,4
help08700469649,1
box420,1
ip4,3
5we,3
howda,1
mathe,1
samachara,1
audrie,1
autocorrect,1
simulate,1
readiness,1
armand,5
andor,1
vomiting,2
rub,2
feet,4
lara,1
supplies,1
clever,2
guesses,1
attach,1
087123002209am7pm,1
med,3
stamped,1
113,1
bray,1
wicklow,1
eire,1
washob,1
nobbing,1
nickey,1
platt,1
ryan,1
vikky,6
skillgame,1
1winaweek,1
150ppermesssubscription,1
mad,4
argh,3
spotty,1
province,1
sterling,1
problemfree,1
looked,5
xam,2
hall,1
term,3
manage,2
hesitation,1
intha,1
ponnungale,1
ipaditan,1
rejected,1
shitload,2
diamonds,2
tessypls,1
favor,1
nimyapls,1
shijas,1
aunty,2
china,3
noisy,1
needa,1
mcat,2
sfrom,1
manual,1
processits,1
reset,1
troubleshooting,1
b4u,1
wc,1
2703,1
marsms,1
08717168528,1
strongly,1
sacrifice,2
beg,2
expecting,5
creativity,1
stifled,1
morphine,3
requirements,1
stayin,2
strangersaw,1
sorted,2
nowstill,1
mrur,1
2getha,1
buffy,1
satisfy,2
pix,6
qlynnbv,1
help08700621170150p,1
eighteight30,1
cld,2
prefer,3
nosh,1
waaaat,1
lololo,1
tables,1
occupied,1
comei,1
kindly,2
documents,1
submitted,1
stapati,1
miles,3
cutie,1
wales,2
hills,1
killed,2
colleagues,4
sed,3
mood,5
minuts,2
latr,2
caken,2
kidz,2
sofa,6
honesty,1
specialisation,1
labor,1
shakara,1
beggar,1
smashed,2
dent,1
everybodys,2
crickiting,1
imin,1
towndontmatter,1
urgoin,1
outl8r,1
yavnt,1
popping,1
ibuprofens,1
sip,1
grown,1
chinatown,1
porridge,1
claypot,1
yam,1
fishhead,1
beehoon,1
tok,2
specific,2
jaklin,1
nearby,1
cliffs,1
four49month,1
ntwk,3
bundle,1
deals,1
avble,1
call2optoutj,1
mf,1
pages,4
figures,2
ooh,1
4got,1
moseley,1
weds,1
six30,2
thankyou,1
pendingi,1
dayswill,1
thrurespect,1
homecheck,1
affectionate,2
loveable,1
eternal,1
noble,1
truthful,1
intimate,1
enamous,1
textin,1
cousin,2
excuses,2
rajipls,1
nimya,1
legs,3
neck,2
amigos,1
burn,1
progress,1
continue,2
holy,2
werent,1
arty,1
collages,1
tryin,1
billion,2
classes,2
2hrs,1
waliking,1
cartons,1
shelves,1
08714712379,1
distance,3
mirror,1
turning,2
freak,4
ref,2
k718,1
pound450,4
09065069120,1
jod,1
keris,1
smidgin,1
collegexx,1
belive,2
intentions,1
empty,6
slots,2
accordin,1
discussed,2
knocking,1
sicomo,1
nolistened2the,1
plaid,1
albumquite,1
gdthe,1
air1,1
hilariousalso,1
boughtbraindancea,1
compofstuff,1
aphexs,1
abel,1
nelson,1
bbs,1
temp,2
unmits,1
display,3
newspapers,1
soup,3
yummmm,1
management,3
puzzeles,1
include,3
4goten,1
scammers,1
smartthough,1
regular,3
prem,2
msgsubscription,1
2morro,2
passion,1
09099726481,1
dena,1
pound1minmobsmorelkpobox177hp51fl,1
spoiled,2
r836,1
09065069154,1
threats,1
sales,1
shifad,1
raised,1
complaint,2
doctors,1
reminds,1
2godid,1
lounge,3
lk,2
role,6
lov,2
checked,5
splashmobile,1
subscrition,1
300p,2
dust,1
u4,2
01223585334,1
2c,1
shagged,1
8552,2
2end,1
88877free,1
88877,1
88066,3
3pound,1
watchin,1
meaningless,1
alls,1
brdget,1
jones,1
inever,1
hmmbad,1
newshype,1
dollar700,1
studio,1
takenonly,1
bedrmdollar900,1
unable,5
waited,2
velly,1
wkend,4
journey,3
huge,2
marking,1
letters,4
mids,2
oranges,2
upd8,2
2stoptx,1
annie,2
remind,5
08718738034,1
21870000hi,2
mailbox,2
messaging,2
21,2
09056242159,2
retrieve,2
vai,1
hrishi,2
nothin,2
hanger,1
poem,1
cheer,2
tear,5
thatll,2
quizwin,2
duchess,2
cornwall,3
82277unsub,2
008704050406,2
sp,3
arrow,1
bags,3
blanket,1
08718726971,1
tddnewsletteremc1couk,1
thedailydraw,1
dozens,1
prizeswith,1
significant,1
waqt,1
pehle,1
naseeb,1
zyada,1
kisi,1
ko,1
kuch,1
nahi,2
miltazindgi,1
wo,2
jo,2
hum,1
sochte,1
zindgi,1
jeetey,1
worse,6
stalking,1
dan,2
reminded,1
varaya,1
elaya,1
ten0603,1
09066368753,1
97n7qp,1
anand,1
beach,1
expected,1
aww,2
deadwell,1
jez,1
iscoming,3
todo,1
workand,1
whilltake,1
zogtorius,1
staring,2
whether,5
financial,1
problemi,1
alian,1
freenokia,1
or2optouthv9d,1
posible,1
century,1
cm,2
frwd,1
unnecessarily,2
sorts,1
ringtones,5
restrictions,1
buddys,1
80082,3
08712402902,1
owned,1
possessive,1
nohe,1
clarification,1
spook,3
halloween,2
08701417012150p,1
logopic,2
issue,3
weigh,2
regret,2
fantasy,3
football,3
sky,3
gamestar,1
active,1
pound250k,1
scoring,1
nowsky,1
88088,1
coimbatore,1
expired,1
resub,1
monoc,1
monos,1
polyc,1
stream,1
0871212025016,1
opinions,2
categories,1
measure,3
ethnicity,1
census,1
transcribing,1
propsd,1
gv,1
lv,1
lttrs,1
threw,1
thm,2
aproach,1
dt,1
truck,1
speeding,1
wn,2
girld,1
hw,6
instantly,2
thy,1
lived,1
happily,1
2gthr,1
drinking,2
evrydy,1
msgsd,1
paragon,2
cakes,1
bluff,2
impossible,3
draws,1
goodmate,1
sary,2
asusualone,1
cheered,1
franyxxxxx,1
batt,1
added,5
gn,2
pussy,6
becausethey,1
09058098002,1
pobox1,1
w14rg,1
messageno,1
responcewhat,1
happend,2
piece,2
wiskey,1
brandy,1
rum,1
gin,1
vodka,2
scotch,1
shampain,1
kudiyarasu,1
dhina,1
vaazhthukkal,1
gained,1
kg,2
sugar,4
pressure,1
limits,1
dumb,2
thangam,3
okey,3
doke,1
dressed,2
laying,1
kills,1
neshanthtel,1
byatch,1
whassup,1
kay,2
roger,4
cl,1
nasty,2
filthyguys,1
slo,1
slo4msgs,1
wasted,2
chiong,1
christ,2
dialogue,1
reltnship,1
solve,2
murdered,3
onehis,1
police,4
twopolice,1
questioned,1
threewife,1
siri,1
fourcook,1
cooking,2
fivegardener,1
vegetables,1
sixhousemaid,1
sevenchildren,1
eightneighbour,1
murderer,3
brilliant,2
pose,1
comb,1
dryer,1
fps,1
computational,1
science,2
push,2
answered,2
madamregret,1
disturbancemight,1
dlf,1
premaricakindly,1
informedrgdsrakheshkerala,1
gotto,1
08702840625,1
comuk220cm2,1
settle,3
err,1
8pm,2
bloo,3
kbut,1
hitteranyway,1
offline,1
anjolas,1
ithis,1
wrote,2
oneone,1
indians,3
swiss,2
directors,1
lac,1
crore,2
deposited,1
taxless,1
budget,6
jobs,2
lane,2
suply,1
projects,1
citizen,3
imf,1
blocked,1
politicians,2
rights,2
corrupt,1
itna,1
karo,1
pura,1
padhegm,1
torrents,1
particularly,1
slowing,1
commit,1
random,5
83370,1
rightio,1
1148,1
brum,1
donno,2
scorable,1
paranoid,1
brin,1
properly,2
sheet,1
kgive,1
complain,1
onlybettr,1
bsnl,1
offc,1
payed,1
suganya,1
dessert,1
abeg,1
sponsors,1
onum,1
candont,1
poet,1
imaginationmy,1
carso,1
rr,1
famamus,1
pongaldo,1
630,2
sry,2
furniture,2
lock,2
locks,1
key,4
jenne,1
easiest,1
barcelona,1
ru,5
sppok,1
09066612661,3
complementary,1
wa14,1
2px,1
sender,1
kdo,1
daurgent,1
pansy,1
jungle,1
kanji,1
drinkpa,1
srs,1
drizzling,1
appointments,1
shoving,2
papers,2
greetings,3
excused,1
drama,1
plsi,1
struggling,1
strange,2
placeno,1
ego,1
necessity,1
gowait,1
reppurcussions,1
released,4
cosign,1
hvae,1
09061701444,1
24,2
acl03530150pm,2
hcl,1
requires,1
freshers,1
processexcellent,1
neededsalary,1
mssuman,1
telephonic,1
indyarockscom,2
resume,2
datoday,2
cars,5
bids,2
restuwud,1
reliant,1
fwiw,1
afford,1
happens,7
kanowhr,1
maga,3
sq825,1
arrival,1
yunny,2
citylink,1
er,5
props,1
pleasant,1
statements,1
6230,1
83383,2
pobox11414tcrw1,1
bognor,1
splendid,1
yesim,1
ktv,1
misplaced,1
computers,1
mmmmm,2
medicine,3
begun,1
registration,1
permanent,1
residency,1
plenty,6
relatives,2
deliver,5
risks,1
benefits,2
amount,5
hmmmhow,1
predicting,1
accumulation,1
programs,1
belongs,1
herwho,1
fated,1
shoranur,1
incident,3
fuelled,1
concern,1
prior,1
grief,1
violence,3
goodenvironment,1
terrific,1
text82228,1
logos,1
infotxt82228couk,1
honestly,1
promptly,1
burnt,1
advice,5
snap,1
quizclub,1
80122300pwk,1
sprwm,1
ph08704050406,1
gmw,1
connected,1
someplace,1
goods,1
pressies,1
dr,2
superior,2
ultimately,1
tor,1
motive,1
tui,1
achieve,1
korli,1
dock,1
rolled,1
newscaster,1
dabbles,1
flute,1
behind,6
wheel,1
bx420,2
amazing,5
picsfree1,2
vid,1
keyword,1
ruin,2
erm,3
the4th,1
october,1
83435,1
elaborating,1
safety,1
aspects,1
issues,5
tarot,1
85555,1
department,2
oursso,1
youany,1
hr,5
conform,2
horniest,1
instructions,3
nytec2a3lpmsg150p,1
flow,1
developed,1
ovarian,1
cysts,1
bc,2
shrink,1
onit,1
upping,1
grams,1
timin,1
apes,1
death,3
ibm,1
hp,1
toshiba,2
gosh,1
spose,1
usualiam,1
rimac,1
arestaurant,1
squid,1
ten30,1
dosomething,1
ucall,1
wrki,1
dabooks,1
hrs,6
nitetwo,1
wrk,2
eachother,1
luckily,1
starring,1
madam,2
restocked,1
knock,2
stoptxtstoppound150week,1
innocent,2
mental,2
smoothly,1
hoped,2
bills,2
challenging,1
2marrow,2
hon,2
ppledollar700,1
dollar900,2
nightsexcellent,1
breakfast,1
hamper,1
cc100pmin,1
reality,2
daal,1
0870737910216yrs,1
pound150wk,1
unni,1
rechargerakhesh,1
lacking,1
particular,1
dramastorms,1
forfeit,1
treated,2
digi,1
9pm,2
fab,2
coupla,1
wks,3
077xxx,1
09066362206,1
sundayish,1
prasad,1
tiwary,2
rcbbattle,1
bang,2
kochi,1
cancer,6
checkup,1
pap,2
smear,1
gobi,1
arts,2
pandy,1
4w,1
technologies,1
todayhe,1
olowoyey,1
uscedu,1
argentina,1
secretary,2
taxt,1
massagetiepos,1
lool,1
pull,2
spending,4
taylors,1
shaking,1
booty,3
timeslil,1
busyi,1
scarcasim,1
naal,1
eruku,1
chikkuwat,1
w4,1
5wq,1
remains,2
bro,2
amongst,1
bros,2
impressively,1
sensible,1
whens,4
69696,2
3lp,2
pound150msg,2
response,3
alsoor,1
danalla,1
obedient,1
ft,1
combination,1
needy,1
pouts,3
stomps,3
northampton,2
abj,2
serving,2
playng,1
onemcflyall,1
ab,1
sara,1
jorgeshock,1
smithswitch,1
anna,1
nagar,1
yupz,1
modelsony,1
ericson,1
der,1
luks,1
modl,1
cheesy,1
frosty,1
witin,1
sports,3
fans,1
0870141701216,1
4txt120p,1
10th,1
sept,4
09050000555,1
ba128nnfwfly150ppm,1
shirts,3
nudist,1
themed,1
pump,1
petrol,2
pound12,1
feb,5
ignore,4
evr,1
signal,1
neither,2
unusual,1
hugs,2
snogs,2
west,2
palm,1
printing,1
handing,1
fastest,2
growing,2
83021,1
chase,2
stated,1
tariffs,4
2stoptxt,2
perpetual,1
dd,1
steam,2
reg,2
pract,1
flung,1
housemaid,2
public,2
govtinstituitions,2
closedincluding,2
officeunderstand,1
process,3
justbeen,1
overa,1
brains,1
mush,1
tunde,1
missions,1
luxury,3
canary,2
20m12aq,1
lux,1
28,2
eh74rr,1
sleepy,2
dare,4
ben,3
mag,2
avo,1
middle,3
crashed,1
cuddled,1
chachi,1
pl,1
tiz,1
kanagu,1
prices,1
ringing,1
houseful,1
brats,1
pulling,1
diwali,2
tick,6
nowonion,1
derp,1
abusers,1
lipo,1
netflix,1
thgt,2
clash,1
arr,1
oscar,1
rebtel,1
firefox,1
lower,2
69969,1
bcmsfwc1n3xx,1
impressed,1
funs,1
footy,1
stadium,1
large,1
cocacola,1
dark,3
teenager,1
teluguthts,1
gudk,2
exhaust,2
replacing,1
mittelschmertz,1
paracetamol,1
salespee,1
arrived,1
cthen,1
enuff,3
conclusion,1
contents,3
references,1
cover,5
atyour,1
success,2
pound50,1
instant,1
08715203028,1
9th,1
pound50pound500,1
rugby,1
affidavit,1
twiggs,1
division,2
courtroom,1
creep,2
freemsgfav,1
tonesreply,1
lil,2
showers,1
possessiveness,1
poured,1
lies,2
golden,1
lasting,1
mobs,1
breathe1,1
crazyin,1
sleepingwith,1
finest,1
ymca,1
getzedcouk,1
pobox365o4w45wq,1
wtc,1
weiyi,1
property,2
interflora,2
flowers,1
505060,1
godtaken,1
teethis,1
paining,1
romcapspam,1
presence,1
outgoing,1
maggi,1
mee,1
08712103738,1
cough,1
com,1
09058099801,1
b4190604,1
7876150ppm,1
bbdpooja,1
pimpleseven,1
blackand,1
sweatter,1
nicenicehow,1
ambitious,1
miiiiiiissssssssss,1
tunji,1
iz,3
yellow,2
misscall,1
frndz,1
6missed,1
freemessage,1
jamsterget,1
frog,1
mad1,1
mad2,1
88888,2
gbpweek,1
wipro,1
tall,1
doubt,2
handle,3
note,3
robs,1
avenge,1
japanese,1
proverb,1
itu,1
itleave,1
strike,2
choices,1
toss,1
coin,2
gudni8,1
dancin,1
explicitly,1
nora,1
smith,1
gayle,1
crucify,1
moved,3
butting,1
freedom,2
vs,1
cedar,1
twenty,2
durham,1
reserved,1
seat,3
porn,4
69855,1
50p,2
stopbcm,1
sf,1
painting,2
wall,1
printer,1
groovy,1
groovying,1
harishs,1
transfred,1
acnt,1
nowadayslot,1
showroomscity,1
shaping,1
attending,1
talks,2
probs,2
doinat,1
callon,1
low,2
rons,1
swatch,2
kkyesterday,1
ganesh,2
dress,3
pdatenow,1
call2optoutyhl,1
collecting,3
configure,1
trips,2
anal,1
pears,1
helloooo,1
welcomes,1
celebrate,4
oooooh,1
09058094454,1
thatnow,1
54,1
resubmit,1
expiry,1
2geva,2
mint,1
uxxxx,1
humans,1
studyn,1
wuld,2
everyboy,1
xxxxxxxx,1
solved,2
fivethreetwo,1
ninetwofour,1
eightsixthree,1
seventwofive,1
brilliant1thingi,1
answr,1
liquor,1
flaked,3
loko,1
730,1
lined,1
tm,4
laughs,1
fireplace,1
icon,1
08712400200,1
fifth,1
woozles,1
weasels,1
08718723815,1
gary,3
machines,1
fucks,2
sake,2
ignorant,1
mys,1
bruce,2
downs,1
fletcher,1
27six03,1
08714714011,1
teaching,1
bowls,1
cozy,1
nightnobody,1
buzzzz,1
chest,2
vibrator,1
shake,1
covers,2
trends,1
pros,1
cons,1
brief,2
description,1
nuclear,1
fusion,1
history,3
iter,1
jet,1
nonenowhere,1
ikno,1
doesdiscountshitinnit,1
jabo,1
abi,4
slower,1
maniac,1
hadya,1
sapna,1
manege,1
yday,1
hogidhechinnu,1
swalpa,1
agidhane,1
typelyk,1
footblcrckt,1
swell,1
tim,1
bollox,1
tol,1
hang,2
ingredients,1
pocy,1
bell,3
non,1
call2optout4qf2,1
senor,1
giggle,1
possibly,1
person2die,1
nvq,1
professional,1
tiger,1
woods,1
reboot,2
grinder,1
pt2,1
youkwhere,1
buyers,1
figuring,1
entirely,1
understood,3
bottom,3
knowhe,1
phoned,2
disconnected,1
onluy,1
matters,1
offcampus,1
improved,2
msgs150p,2
rileys,1
ew,1
wesley,1
howve,1
lingo,1
400minscall,1
call2optoutj5q,1
medont,1
lm,1
hm,3
69200,1
chrgd50p,1
2exit,1
salon,2
approaching,1
sankranti,1
republic,1
shivratri,1
ugadi,1
fools,1
independence,1
friendshipmotherfatherteacherschildrens,1
festival,1
dasara,1
mornings,1
afternoons,1
evenings,2
rememberi,1
theseyours,1
raj,2
lifeis,1
daywith,1
thoughts,1
somewheresomeone,1
tosend,1
greeting,1
selflessness,1
initiate,1
tallent,1
wasting,1
usc,2
payment,2
portal,1
dont4get2text,1
lennon,1
bothering,1
crab,3
shorethe,1
waves,2
footprints,3
clearing,2
fox,1
frndsship,1
dwn,1
slaaaaave,1
summon,1
pound3365,1
changes,3
appendix,1
range,2
slob,1
smiled,2
gudnite,1
topicsorry,1
webpage,1
yeesh,1
unsubscribed,1
hunks,1
subscriptions,1
gopalettan,1
participate,1
admin,2
kkfrom,1
abroad,1
xxsp,1
visionsmscom,2
stopcost,1
08712400603,1
agent,1
goodies,1
mat,1
ay,1
andros,2
steal,1
isaiahd,1
meets,2
foot,2
penis,2
expert,1
sigh,2
ssi,1
thinl,1
sachinjust,1
importantly,1
tightly,1
wnevr,1
fal,1
vth,2
books,3
fals,1
yen,1
madodu,1
nav,1
pretsorginta,1
nammanna,1
pretsovru,1
alwa,1
eveb,2
window,2
lord,1
ringsreturn,1
nowreply,1
soundtrack,1
stdtxtrate,1
homelove,1
staffsciencenusedusgphyhcmkteachingpc1323,1
emigrated,1
five30,2
hopeful,1
olol,1
stagwood,1
winterstone,1
victors,1
hill,4
jp,1
mofo,1
pathaya,1
enketa,1
maraikara,1
priest,1
reserves,1
intrude,1
walkabout,1
cashed,1
announced,1
blog,1
28th,1
06,1
removal,2
08708034412,2
footie,1
blow,2
phil,1
neville,1
abbey,1
returning,1
knowing,3
auctionpunj,1
str8,1
classic,1
nokia150p,1
poly200p,1
thurs,5
pre,1
cancelled,2
sacked,1
lookatme,2
clip,1
35p,1
mmsto,1
32323,1
barred,1
lifethis,1
twat,1
dungerees,1
decking,1
punch,1
mentionned,1
vat,1
planned,7
onlydon,1
grl,4
hogolo,1
kodstini,1
agalla,2
madstini,1
hogli,1
mutai,1
eerulli,1
kodthini,1
kano,3
thasa,1
messed,1
upyeh,1
tex,1
mecause,1
werebored,1
okden,1
uin,1
satsounds,1
likeyour,1
gr8fun,1
updat,1
countinlots,1
xxxxx,2
l,1
tagged,1
count,2
challenge,3
hdd,1
casing,1
opened,1
describe,1
09053750005,1
310303,1
08718725756,1
140ppm,1
asus,1
randomly,2
reformat,1
otside,2
leu,1
plumbers,1
tape,3
wrench,1
bcum,1
films,3
appeal,1
thriller,1
director,1
eight30,2
size,2
elephant,1
shove,1
um,1
cr,1
pookie,1
wouldnt,5
youdearwith,1
loverakhesh,1
nri,1
08712101358,1
x2,1
deserve,1
tight,2
88039skilgmetscs087147403231winawkage16pound150perwksub,1
lick,3
diddy,1
neighbor,1
toothpaste,1
av,2
oneta,1
poking,1
everyday,2
deam,1
curious,2
coccooning,1
auto,3
mus,1
yeahand,1
newquaysend,1
postcard,2
goneu,1
1im,1
talkin,1
boutxx,1
bread,2
windy,1
09066358361,1
y87,1
mahal,2
knowthis,1
tirunelvai,1
dusk,1
puzzles,1
x29,1
four50,3
09065989180,1
stairs,1
phews,1
thangamits,1
redred,1
bloodblood,1
heartheart,1
oneu,2
relation,4
twou,2
threeu,2
foursome1,1
luvs,1
praying,1
recycling,1
earning,1
toledo,1
ding,2
tai,1
feng,1
reservations,1
swimsuit,1
allowed,2
necessary,2
squeeeeeze,1
hug,4
lik,5
frndshp,1
luvd,1
asks,3
themp,1
volcanoes,1
erupt,1
arise,1
hurricanes,1
sway,1
aroundn,1
disasters,1
lighters,1
7pm,1
kkits,1
goodwhen,1
lasagna,1
chickened,1
messaged,2
woould,1
08718726978,1
drove,1
shore,1
deus,2
44,1
7732584351,1
3510i,4
deliveredtomorrow,2
300,4
tap,2
spile,2
broad,2
canal,2
engin,2
onedge,1
raviyog,1
peripherals,1
bhayandar,1
east,2
sunoco,1
howard,2
musical,1
plate,1
leftovers,1
starving,1
cooked,2
cheat,2
fatty,1
badrith,1
chennaii,1
usno,1
owe,1
checkin,1
numberso,1
ittb,1
block,2
armenia,1
swann,1
09058097189,1
09061221066,1
fromm,1
330,1
1120,1
1205,1
smoking,3
wylie,4
justify,1
ruining,2
meds,5
hunt,1
in2,3
5226,1
350,1
hava,1
1131,1
rct,1
thnq,1
adrian,1
rgds,1
vatian,1
everyones,1
babysitting,1
itll,1
gonnamissu,1
muchi,2
buttheres,1
aboutas,1
merememberin,1
asthere,1
ofsi,1
breakin,1
yaxx,1
ee,2
poortiyagi,1
odalebeku,1
hanumanji,1
onehanuman,1
twobajarangabali,1
threemaruti,1
fourpavanaputra,1
fivesankatmochan,1
sixramaduth,1
sevenmahaveer,1
janarige,1
ivatte,1
kalisidare,1
olage,1
ondu,1
keluviri,1
maretare,1
inde,1
dodda,1
problum,1
nalli,1
siguviri,1
idu,1
matra,1
neglet,1
easily,2
ijust,1
talked,1
opps,1
tts,1
gei,1
tron,1
dl,1
selfish,1
spiffing,1
workage,1
craving,1
supose,1
babysit,1
therexx,1
spaces,1
embassy,1
lightly,1
custom,2
checkboxes,1
sac,2
hundredhe,1
batsman,1
yettys,1
jiayin,2
09050000928,1
pobox45w2tg150p,2
forgotten,2
reverse,1
cheating,1
mathematics,1
2waxsto,2
basic,4
emailed,1
yifeng,1
theyll,1
slurp,1
minimum,2
3miles,1
ing,1
brainless,1
dolld,1
vehicle,1
sariyag,1
madoke,1
barolla,1
07090201529,1
postponed,1
stocked,1
elaine,2
tiime,1
tears,1
afternon,1
interviews,1
resizing,1
09066364349,1
box434sk38wp150ppm18,1
opposed,1
drunken,2
msgwe,1
billed,3
shortcode,1
83332please,1
08081263000,1
refundedthis,1
somerset,1
overtime,1
nigpun,1
dismissial,1
screwd,1
08712402972,1
bull,1
floating,1
mess,2
09058095201,1
heehee,1
arithmetic,1
percentages,1
chillaxin,1
das,1
iknow,1
wellda,1
peril,1
studentfinancial,1
crisisspk,1
monster,1
ths,2
ias,1
obey,1
uhhhhrmm,1
mb,2
gbpsms,1
600,1
400,1
deltomorrow,1
09066368470,1
24m,1
onemonth,1
smartcall,1
68866,1
subscriptn3gbpwk,1
08448714184,1
stoptxt,1
landlineonly,1
mths,4
cameravideo,2
textsweekend,1
callback,2
orno,1
fink,1
09099726553,1
promised,1
carlie,1
callspound1minmobsmore,1
lkpobox177hp51fl,1
youphone,1
athome,1
youwanna,1
jack,1
sayask,1
helpful,1
pretend,1
hypotheticalhuagauahahuagahyuhagga,1
brainy,1
occasion,1
celebrated,1
reflection,1
values,1
desires,2
affectionsamp,1
traditions,1
cantdo,1
anythingtomorrow,1
myparents,1
aretaking,1
outfor,1
katexxx,1
level,1
gate,1
89105,1
ts,3
wedding,3
lingerie,1
weddingfriend,1
board,1
overheating,1
reslove,1
inst,1
pending,2
eighto,1
western,1
outta,4
nowadays,1
notixiquating,1
laxinorficated,1
bambling,1
entropication,1
oblisingately,1
opted,1
masteriastering,1
amplikater,1
fidalfication,1
champlaxigating,1
atrocious,1
wotz,1
junna,1
knickers,1
01223585236,1
nikiyu4net,1
accident,3
a30,1
divert,1
wadebridgei,1
vill,1
1030,2
orc,1
bloomberg,1
447797706009,1
bloombergcom,1
seeking,1
priscillas,2
dayexcept,1
wisdom,2
inform,4
wherres,1
phone750,1
resolution,1
replybe,1
frankgood,1
logoff,1
parkin,1
kent,2
vale,2
cannt,3
asa,1
09050000878,1
wan2,1
meetgreet,1
westlife,1
m8,1
oneunbreakable,1
twountamed,1
threeunkempt,1
83049,1
prince,1
charming,1
mention,1
served,1
arnt,1
xxxxxxxxxxxxxx,1
dorothykiefercom,1
granite,2
strongbuy,2
explosive,2
nasdaq,2
symbol,3
cdgt,2
dollar500,2
alle,1
moneeppolum,1
allalo,1
fundamentals,1
ten1mega,1
pixels,1
3optical,1
5digital,1
dooms,1
peteynoim,1
timehope,1
alritehave,1
js,1
amx,1
burgundy,1
captaining,1
base,2
placement,2
amrita,1
profile,1
bpo,1
nighters,1
persevered,1
regretted,1
spouse,1
pmt,1
sumthin,1
4give,1
shldxxxx,1
thatd,1
scenario,1
spunout,1
wrld,1
09071517866,1
150ppmpobox10183bhamb64xe,1
10am,1
pounded,1
lion,2
devouring,2
airtel,2
broadband,1
processed,2
installation,1
tensed,1
coughing,1
warned,1
sprint,1
prolly,3
gower,1
morrow,1
chik,1
100s,1
filth,1
69669,2
saristar,1
e14,1
9yt,1
08701752560,1
450p,1
stop2,1
420,1
9061100010,1
wire3net,1
1st4terms,1
mobcudb,1
alreadysabarish,1
jaya,1
09050000460,1
j89,1
box245c2150pm,1
inpersonation,1
flea,1
forums,2
banneduk,1
itlet,1
highest,1
pound54,1
maximum,1
pound71,1
nys,1
taj,1
lesser,1
known,1
facts,1
mumtaz,2
shahjahans,1
wifes,1
shahjahan,1
mumtazs,2
arises,1
hari,1
okcome,1
69101,1
webadres,1
geting,1
incredible,1
o2fwd,1
18ptxt,1
ship,2
maturity,1
confirmed,3
passport,1
multiply,1
independently,1
decimal,2
showed,1
twins,1
strt,1
ltdhelpdesk,1
02085076972,1
equally,1
uneventful,1
pesky,1
cyclists,1
wereare,1
nalla,1
adi,1
entey,1
nattil,1
kittum,1
kavalan,1
hire,1
hitman,1
200,3
09066660100,1
2309,1
cps,1
causing,2
outages,1
conserve,1
voted,1
epi,1
bare,1
bhaskar,1
dubsack,3
individual,1
gong,1
kaypoh,1
basketball,1
outdoors,1
macho,3
interfued,1
blank,4
listed,1
apology,1
hustle,1
forth,1
audition,3
harlem,1
workout,1
fats,1
zac,1
tonights,1
hui,1
xin,1
lib,2
difference,2
versus,1
edge,1
underdtand,1
itboth,1
upnot,1
muchxxlove,1
locaxx,1
07090298926,1
reschedule,2
ref9307622,1
skateboarding,1
despite,2
thrown,1
winds,1
bandages,1
mytonecomenjoy,1
html,1
gbp450week,1
mfl,1
hectic,1
fell,3
swoop,2
wamma,1
laidwant,1
doggin,1
dogs,1
nownyt,1
langport,2
virtual,1
senthil,2
apnt,1
pants,1
waiti,1
go2sri,1
lanka,1
wordnot,1
merely,1
relationshipits,1
wherevr,1
forevr,2
gudnyt,1
mistakes,2
plum,1
smacks,1
50s,1
alot,1
formatting,1
attracts,1
promotion,1
8714714,1
vegas,2
lou,2
lancaster,1
neway,1
soc,1
bsn,1
advising,1
lobby,1
texted,4
showered,1
erything,1
vewy,2
lubly,1
rsfive,1
087147123779am7pm,1
sbut,1
lucktwo,1
catches,1
specify,1
domain,1
nusstu,1
ohi,1
hahatake,1
bari,1
hudgi,1
yorge,1
pataistha,1
ertini,1
hasbroin,1
jump,1
hoops,1
lateso,1
morningtake,1
dreamsu,1
meummifyingbye,1
networking,2
associate,1
rip,1
uterus,1
pool,2
jacuzzi,1
x49,1
09065989182,2
colourredtextcolourtxtstar,1
2nights,1
wildest,1
splwat,1
whr,1
aldrine,1
rakhesh,1
rtm,1
herepls,1
callurgent,1
sources,1
unhappiness,1
necesity,1
witout,1
hwd,1
colleg,1
watll,1
wth,1
functions,1
events,1
espell,1
irritated,1
4wrd,1
dearloving,1
wthout,1
takecare,1
univ,1
rajas,1
burrito,1
disconnect,1
callcoz,1
terrorist,1
itz,1
confirmd,1
verified,1
cnn,1
ibn,1
stitch,1
trouser,1
twotwo,1
146tf150p,1
cheetos,1
synced,1
shangela,1
hppnss,1
sorrow,1
goodfriend,1
passes,1
08704439680,1
againloving,1
poo,1
gloucesterroad,1
uup,1
ouch,1
stayed,2
forgiveness,1
glo,1
09058095107,1
s3xy,1
yesmum,1
wlcome,1
eaten,3
timi,1
mila,1
age23,1
blonde,1
mtalk,1
6986618,1
30pptxt,1
5free,1
increments,1
help08718728876,1
fishrman,1
sack,1
ful,2
stones,2
strtd,1
throwin,1
atlast,2
1stone,1
moraldont,1
08717895698,1
mobstorequiz10ppm,1
physics,1
arpraveesh,1
delicious,1
salad,1
desert,2
beers,1
whore,1
funk,1
tones2u,1
twinks,1
scallies,1
skins,1
jocks,1
08712466669,1
08712460324nat,1
flood,1
beads,1
wishlist,1
section,1
nitro,1
comfort,1
sold,1
onionrs,1
petrolrs,1
beerrs,1
armands,1
creative,1
fakemy,1
reffering,1
uif,1
getiing,1
rsi,1
weirdy,1
brownies,1
09061701851,1
k61,1
12hours,1
restrict,1
funeral,2
audrey,1
seven30,3
godnot,1
chikkuk,1
vivek,1
74355,1
tnc,2
brah,2
possession,3
outif,1
greece,1
protect,1
ethreats,1
sib,1
sensitive,1
passwordsatmsms,1
recorded,1
someday,1
goodmorningmy,1
grandfather,1
expiredso,1
blu,2
concert,3
november,1
09061104276,1
costpound375max,1
yuou,1
spot,1
ipad,2
bunch,1
lotto,1
bird,2
purchases,1
authorise,1
six45pm,1
honeydid,1
gimmi,1
gossx,1
painit,1
todaydo,1
ystrdayice,1
chile,1
subletting,1
febapril,1
ammaelife,1
steering,1
anythings,1
sleeps,1
rounderso,1
required,1
truekdo,1
lambu,1
ji,1
cometil,1
batchlor,1
zoom,1
nowsend,1
62220cncl,1
stopcs,1
08717890890pound150,1
cheese,2
pink,2
ringtonefrom,1
widelivecomindex,2
wmlid1b6a5ecef91ff937819firsttrue180430jul05,1
xafter,1
cst,1
chg,1
pure,1
hearted,1
hisher,1
enemies,1
smiley,1
gail,1
wrongtake,1
worryc,1
l8tr,1
hunlove,1
yaxxx,1
theoretically,1
hooked,1
formallypls,1
prayingwill,1
multimedia,1
senthilhsbc,1
vague,1
accounting,1
delayed,1
housing,1
agency,1
renting,1
presents,1
nicky,1
gumbys,1
dollar2,1
sized,1
tarpon,1
springs,1
cab,1
availablethey,1
steps,1
careumma,1
limited,1
call2optouthf8,1
09061702893,2
practice,2
08719181259,1
260305,1
deartake,1
radiator,1
proper,1
tongued,1
shorts,1
qi,1
suddenly,1
flurries,1
melt,2
ground,2
eek,2
born,3
freeringtone,1
real1,1
pushbutton,1
dontcha,1
babygoodbye,1
golddigger,1
webeburnin,1
perform,1
cards,1
rebooting,1
nigh,1
nooooooo,1
cable,1
outage,1
sos,1
playin,1
guoyang,1
rahul,1
dengra,1
antelope,1
toplay,1
fieldof,1
selfindependence,1
contention,1
growrandom,1
gnarls,1
barkleys,1
borderline,1
545,1
nightnight,1
possibility,1
grooved,1
affairs,3
mising,1
secured,1
unsecured,1
195,1
6669,1
lanre,1
fakeyes,1
eckankar,1
ph,1
3000,1
09061743386,1
heater,2
degrees,1
dodgey,1
call2optout674,1
seing,1
faceasssssholeeee,1
ceri,1
rebel,1
dreamz,1
buddy,1
ringtoneking,1
84484,1
nationwide,1
newport,1
juliana,1
nachos,1
eta,2
dizzamn,1
suitemates,1
nimbomsons,1
continent,1
housewives,1
08717507711,1
btnational,1
landlines,1
pound400,4
087104711148,1
emerging,1
fiendmake,1
muchimpede,1
hesitant,1
ow,1
deyi,1
60400thousadi,1
sumthinxx,1
nose,1
essay,1
tram,1
vic,1
coherently,1
triple,1
echo,1
gran,1
onlyfound,1
afew,1
agocusoon,1
honi,1
dial,2
bx526,1
university,3
southern,1
california,3
rayan,1
macleran,1
balls,1
olave,1
mandara,1
trishul,1
woo,1
hoo,1
panties,1
thout,1
09066364311,1
flatter,1
pints,1
carlin,1
literally,2
ciao,1
x49your,1
starve,1
impression,1
motivate,1
darkness,1
timeyou,1
wknd,1
yalrigu,1
heltiniiyo,1
kothi,2
shared,1
meso,1
uttered,1
trusting,1
meok,1
chikkub,1
noice,1
esaplanade,1
accessible,1
08709501522,1
139,1
la3,1
2wu,1
pound150week,1
occurs,1
prof,2
sem,2
student,2
enna,1
kalaachutaarama,1
coco,1
sporadically,1
09064017305,1
pobox75ldns7,1
tbspersolvo,1
forpound38,1
kath,1
manchester,1
burden,1
noworriesloanscom,1
08717111821,1
actual,2
harder,1
nbme,1
sickness,1
goals,1
villa,1
sathya,2
gam,1
smash,1
religiously,1
heroes,1
tips,1
07973788240,1
08715203649,1
dealing,2
muhommad,1
penny,1
doc,4
fiting,1
load,1
hwkeep,1
mj,1
unconvinced,1
elaborate,1
willpower,1
value,2
absence,1
answerin,1
reasonable,2
10,1
evey,1
mnth,1
prin,1
gsoh,1
spam,1
ladiesu,1
gigolo,1
mens,1
oncall,1
mjzgroup,1
087143423992stop,1
msgpound150rcvd,1
ashwini,1
08707500020,1
tomorrowtoday,1
ukp2000,1
09061790125,1
jokethet,1
skinny,1
lineyou,1
casting,1
elections,1
116,1
hlday,1
camp,1
amrca,1
serena,1
prescribed,1
kappa,2
meatballs,1
approve,1
panalambut,1
spjanuary,1
fortune,1
allday,1
piss,2
perf,1
outsider,1
receiptswell,1
98321561,1
familiar,1
depression,1
infact,1
simpsons,1
band,1
agreen,1
bblue,1
cred,1
shite,1
kip,1
hont,1
amanda,1
regard,1
renewing,1
upgrading,1
3680,1
subject,1
nannys,1
puts,1
perspective,1
sonot,1
conveying,1
debating,1
guessing,2
jb,1
youso,1
florida,1
teeth,2
hidden,1
royal,2
tog,3
teams,1
swhrt,1
deyhope,1
2daylove,1
misstake,1
0906346330,1
47,1
po19,1
2ez,1
general,1
ifwhenhow,1
dayhas,1
valuemorning,1
hopeafternoon,1
faithevening,1
luvnight,1
restwish,1
todaygood,1
jetton,1
friendofafriend,1
cmon,1
sticky,2
replies,1
dealer,1
lunsford,1
enjoying,1
0796xxxxxx,1
daytwo,1
prizeawaiting,1
kfc,1
meals,1
gravy,1
dahe,1
daalways,1
thisdon,1
messagepandy,1
07008009200,1
attended,1
mw,1
tuth,1
mines,1
eviction,1
spiral,1
michael,1
riddance,1
suffers,1
raglan,1
edward,1
cricket,1
closeby,1
daplease,1
skye,1
bookedthe,1
hut,1
drastic,1
indicate,2
3750,1
garments,1
sez,1
arab,1
evry1,1
eshxxxxxxxxxxx,1
lay,1
bimbo,1
ugos,1
twofourone,1
3lions,1
portege,1
m100,1
semiobscure,1
gprs,1
repeat,2
loosu,1
careless,1
freaking,1
myspace,1
logged,1
partners,1
method,1
calculation,2
blur,2
clothes,2
jewelry,1
breaker,1
deluxe,1
features,1
graphics,1
pound5,1
bbdeluxe,1
lush,2
fumbling,1
day2find,2
stone,1
taunton,4
weekdays,1
haiz,3
nails,1
nobodys,1
common,5
asia,1
greatest,1
courage,1
bear,1
defeat,1
heartgn,1
stil,1
fucked,2
tobed,1
430,1
beauty,2
pimples,1
natalja,1
25f,1
yes440,1
no440,1
asthma,1
attack,1
ball,1
moving,2
spin,1
haiyoh,1
million,1
auntys,1
02,1
prsn,1
somtimes,1
saves,1
sunlight,2
bcozi,1
loss,3
audiitions,1
relocate,1
pocked,1
motivating,1
sharing,1
brison,1
spelled,1
caps,1
bullshit,1
gwr,1
motherfucker,1
kit,1
strip,1
1013,1
ig11,1
oja,1
08712402578,1
thesmszonecom,1
anonymous,1
masked,1
messagesim,1
theredo,1
abuse,1
woodland,1
avenue,1
parish,1
magazine,1
billy,1
jogging,2
awww,1
useless,1
loo,1
helloed,1
shelf,1
swollen,1
glands,1
previous,3
captain,3
bcaz,1
stu,1
twoim,1
truble,1
evone,1
hates,1
mokka,2
view,1
gays,1
dual,1
hostile,1
haircut,1
breezy,1
09061744553,1
polyh,1
1appledayno,1
1tulsi,1
leafdayno,1
1lemondayno,1
1cup,1
milkdayno,1
bone,2
problms,1
litres,1
watrdayno,1
diseases,1
snd,1
lavender,1
manky,1
scouse,1
stevelike,1
travelling,1
homewot,1
inmind,1
recreation,1
epsilon,2
mesages,1
judgementali,1
fridays,1
hidid,1
waheeda,1
bot,1
notes,1
deary,1
eventually,1
tolerance,1
hits,1
0789xxxxxxx,1
hellogorgeous,1
lst,2
nitw,1
texd,1
hopeu,1
4ward,1
cin,1
jaz,1
09058091870,1
exorcism,1
emily,1
evry,1
emotion,1
dsnt,3
wordsevry,1
prayrs,1
uothrwise,1
uso,1
ujhhhhhhh,1
sandiago,1
parantella,1
hugging,1
sweater,1
mango,1
massive,2
involved,1
pound600,1
landmark,1
bob,1
barry,1
83738,1
fineabsolutly,1
consent,1
forms,1
tonexs,1
renewed,1
billing,1
polo,1
373,1
w1j,1
6hl,1
mathews,1
tait,1
edwards,1
anderson,1
haunt,1
promoting,1
crowd,1
8000930705,1
snowboarding,1
goa,1
christmassy,1
recpt,1
onethree,1
baaaaaaaabe,1
ignoring,1
shola,1
academic,2
sagamu,1
lautech,1
vital,1
completes,1
education,1
zealand,1
qet,1
browser,1
surf,1
subscribers,1
gb,1
wellyou,1
lifeyou,1
convinced,2
thati,1
conversations,1
usget,1
timeyour,1
sensesrespect,1
overemphasiseor,1
headset,1
adp,1
internal,1
extract,1
godyou,1
immed,1
skint,1
fancied,1
bevieswaz,1
othrs,1
spoon,1
watchng,1
planet,1
earthsofa,1
comfey,1
quitting,1
least5times,1
wudnt,1
coast,2
ima,1
frequently,1
messageit,1
cupboard,1
route,1
2mro,1
floppy,1
snappy,1
risk,1
grasp,1
flavour,1
laready,1
denying,1
dom,1
ffffuuuuuuu,1
julianaland,1
oblivious,1
upsetits,1
dehydrated,1
mapquest,1
dogwood,1
suppose,2
archive,1
ukmobiledate,1
08719839835,1
mgs,1
89123,1
lengths,1
behalf,1
stunning,1
visa,1
gucci,1
shits,1
babesozi,1
culdnt,1
talkbut,1
wannatell,1
wenwecan,1
smsing,1
efficient,1
explicit,2
30,2
secs,2
02073162414,2
20pmin,2
five15pm,1
erutupalam,1
thandiyachu,1
invention,1
flyim,1
noits,1
lyrics,1
nevr,1
unrecognized,1
somone,1
valuing,1
definitly,1
undrstnd,1
ger,1
toking,1
syd,1
lehhaha,1
khelate,1
kintu,1
opponenter,1
dhorte,1
lage,1
fried,1
spares,1
looovvve,1
warwick,1
tmw,1
canceled,1
sometime,3
tops,1
grandma,1
parade,1
proze,1
norcorp,1
ltdpound150mtmsgrcvd18,1
posting,1
chennaibecause,1
7cfca1a,1
grumble,1
linear,1
algebra,1
decorating,1
wining,1
946,1
roomate,1
graduated,1
adjustable,1
cooperative,1
allows,1
nottingham,1
63miles,1
40mph,1
clearly,2
mornin,1
thanku,1
guessed,1
hubbys,1
89938,1
strings,1
pound150ea,1
otbox,1
731,1
la1,1
7ws,1
gain,2
itxx,1
beside,1
brisk,1
walks,1
sexiest,1
dirtiest,1
89070,2
steve,1
tellmiss,1
partys,1
contribute,1
greatly,1
urgh,1
coach,1
smells,1
duvet,1
predictive,1
chatim,1
w8in,1
4utxt,1
url,1
24th,1
beverage,1
vpist,1
surrender,1
symptoms,1
rdy,1
realise,2
itnow,1
backwards,1
abstract,1
vikkyim,1
africa,1
avin,1
chitchat,1
logon,1
8883,1
4217,1
w1a,1
6zf,1
118pmsg,1
quiteamuzing,1
thatscool,1
pound1000call,1
09071512432,1
300603tcsbcm4235wc1n3xxcallcost150ppmmobilesvary,1
rows,1
mnths,1
engagement,1
fixd,1
bthmm,1
njan,1
vilikkamt,1
sudn,1
maths,1
chapter,1
chop,1
noooooooo,1
09065171142stopsms08718727870150ppm,1
firsg,1
split,1
heat,1
applyed,1
sumfing,1
86888,2
subscribe6gbpmnth,2
3hrs,2
stoptxtstop,2
hiphop,1
managed,2
oxygen,1
resort,1
roller,1
four30,1
recorder,1
canname,1
capital,2
australia,1
mquiz,1
showr,1
acted,2
upon,1
ceiling,1
presnts,1
bcz,1
mis,2
jeevithathile,1
irulinae,1
neekunna,1
prakasamanu,1
sneham,1
prakasam,1
ennal,1
prabha,2
mns,1
islove,1
blowing,1
7634,1
7684,1
firmware,1
vijaykanth,1
comedy,3
tvhe,1
anythiing,1
ripped,1
08717509990,1
polytruepixringtonesgames,1
keypad,1
btwn,1
decades,1
goverment,1
expects,1
loyal,1
customers,1
09066380611,1
spice,1
prasanth,1
ettans,1
08718738002,1
48922,1
211104,1
appy,1
fizz,1
contains,1
genus,1
robinson,1
nottel,1
print,2
outs,1
soz,1
imat,1
msgsometext,1
07099833605,1
ref9280114,1
chloe,1
150ptext,1
wewa,1
130,1
iriver,1
255,1
128,1
bw,1
dajst,1
hmmmbut,1
surly,1
07808726822,1
08718729758,1
dokey,2
mmmmmmm,1
snuggles,1
contented,1
whispers,1
error,2
healthy,1
2bold,1
givits,1
kanoanyway,1
scraped,1
barrel,1
misfits,1
seight,1
sleepin,2
sections,1
clearer,1
peach,1
tasts,1
rayman,1
golf,1
activ8,1
termsapply,1
therell,1
minor,2
shindig,1
minstexts,1
phonebook,1
keng,1
rocking,1
ashes,1
xins,1
shijutta,1
kafter,1
offense,1
bbdthts,1
dvg,1
coldheard,1
vinobanagar,1
conditionand,1
ovulatewhen,1
3wks,1
woah,1
realising,1
orh,1
hides,1
secrets,1
n8,1
darlinim,1
soonxxx,1
coolmob,1
frogaxel,1
akonlonely,1
eyeddont,1
cashbincouk,1
canteen,1
stressfull,1
adds,1
ni8swt,2
continued,1
president,1
dollar140,1
dollar180,1
leastwhich,1
bedrm,1
pleasured,1
hitechnical,1
supportproviding,1
assistance,1
1172,1
watever,1
built,1
lonlines,1
lotz,1
memories,1
gailxx,1
hii,1
complacent,1
denis,2
mina,1
miwa,1
hsbc,1
woulda,2
09066649731from,1
mth,1
opposite,1
heavily,1
dolls,1
patrick,1
swayze,1
santa,4
09077818151,1
calls150ppm,1
30s,1
miserable,2
quarter,1
nervous,1
fired,1
limping,1
aa,1
078498seven,1
08719180219,1
060505,1
oga,1
poorly,1
punishment,1
brb,1
kill,1
predicte,1
situations,1
loosing,1
smaller,1
capacity,1
videos,1
smsshsexnetun,1
fgkslpopw,1
fgkslpo,1
0871277810710pmin,1
defer,1
admission,1
checkmate,1
chess,1
persian,1
phrase,1
shah,1
maat,1
rats,1
themes,1
pee,1
photoshop,1
manageable,1
08715203652,1
42810,1
29tenzero,1
shoppin,2
toopray,2
inshah,1
allah,3
ashley,1
sthis,1
increase,1
wifedont,1
iti,1
toolets,1
north,1
carolina,1
texas,1
gre,1
bomb,1
breathing,1
powerful,1
weapon,1
lovly,1
messagethanks,1
150pmsgrcvd,1
customercare,1
08718726270,2
playi,1
clas,1
lit,1
loooooool,1
couch,1
celebration,2
swashbuckling,1
fiveterror,1
sixcruel,1
sevenromantic,1
eightlovable,1
ninedecent,1
joker,1
dips,1
gek1510,1
feelin,1
nuther,2
lyricalladie21f,1
yes910,1
no910,1
happiest,1
characters,1
differences,1
lists,1
tylers,1
crisis,1
whenwhere,1
antibiotic,1
abdomen,1
gynae,1
infections,2
6times,1
exposed,1
chastity,1
device,1
beatings,1
uses,1
gut,1
wrenching,1
tallahassee,1
ou,1
taka,1
pobox202,1
nr31,1
7zs,1
450pw,1
ritten,1
fold,1
warner,3
83118,1
colin,1
farrell,1
swat,1
popcornjust,1
msgticketkioskvalid,1
fourseven12,1
kiosk,1
mre,1
solihull,1
nhs,1
mistakeu,1
bornplease,1
2b,1
terminatedwe,1
inconvenience,1
dentists,1
henry,2
yards,1
bergkamp,1
margin,1
78,1
parent,1
itsnot,1
childs,1
parentnot,1
unintentional,1
nonetheless,1
hooch,1
toaday,1
splat,1
grazed,1
confirmdeny,1
hearin,1
yah,1
torture,1
hopeing,1
sisters,1
sexychat,1
lips,1
startedindia,1
kkcongratulation,1
court,1
chapel,1
frontierville,1
mountain,1
deer,1
maili,1
mailed,1
varma,1
membershiptake,1
careinsha,1
secure,1
parties,1
farting,1
ortxt,1
select,2
trained,1
advisors,1
dialling,1
402,1
woot,2
stuffing,1
ahhhhjust,1
uphad,1
thoso,1
viveki,1
ninesix,1
dado,1
dining,1
kaila,1
09058094507,1
donate,2
unicefs,1
asian,1
tsunami,1
disaster,1
fund,1
864233,1
cme,2
hos,1
parking,2
collapsed,1
cumming,1
jade,1
paul,1
barmed,1
thinkthis,1
dangerous,1
goldviking,1
29m,1
yes762,1
no762,1
rushing,1
coulda,1
phony,1
1230,1
okday,1
hmph,1
baller,1
punto,1
ayo,1
travelled,1
pound125,1
freeentry,1
xt,1
toyota,1
camry,1
olayiwolas,1
mileage,1
kits,1
landing,1
clover,1
numberpls,1
idconvey,1
achanammarakheshqatar,1
rencontre,1
mountains,1
08714712412,1
galsu,1
puppy,1
noise,1
sarasota,2
150pmeg,1
08715203685,1
code4xx26,1
13ten04,1
crossing,1
deepest,1
darkest,1
09094646631,1
nat,2
inconvenient,1
vldo,1
adsense,1
approved,1
dudette,1
perumbavoor,1
stage,1
cherish,2
clarify,1
preponed,1
natalie,1
20f,1
yes165,1
no165,1
younger,1
wallpaper,2
08701213186,1
liver,1
hmmmstill,1
opener,1
guides,1
watched,1
loneliness,1
skyving,1
onwords,1
mtnl,1
mumbai,1
83039,1
62735pound450,1
accommodationvouchers,1
mustprovide,1
15541,1
rajitha,1
ranju,1
5p,1
styles,1
tscs08714740323,1
1winawk,1
pound150perweeksub,1
dearslp,1
welltake,1
careswt,1
dreamsmuah,1
09066361921,1
disagreeable,1
afterwards,1
uawakefeellikw,1
shitjustfound,1
aletter,1
thatmum,1
gotmarried,1
4thnovbehind,1
ourbacks,1
fuckinniceselfish,1
rearrange,1
dormitory,1
astronomer,1
starer,1
election,1
recount,1
motherinlaw,1
hitler,1
eleven,1
worms,1
suffering,1
dysentry,1
andre,1
virgils,1
lorgoin,1
gokila,1
shanilrakhesh,1
herethanksi,1
exchanged,1
uncut,1
diamond,1
stuffleaving,1
dino,1
kkthis,1
kotees,1
themobhit,1
panther,1
sugababes,1
zebra,1
animation,1
badass,1
hoody,1
wallpaperall,1
resent,1
queries,1
customersqueriesnetvisionukcom,1
hassling,1
andres,1
haughaighgtujhyguj,1
fassyole,1
blacko,1
londn,1
4eva,2
responsibilities,1
08715205273,1
vco,1
humanities,1
reassurance,1
aslamalaikkuminsha,1
tohar,1
beeen,1
muht,1
albi,1
mufti,1
mahfuuzmeaning,1
078,1
enufcredeit,1
tocallshall,1
ileave,1
treats,1
okors,1
ibored,1
adding,1
zeros,1
savings,1
goigng,1
perfume,1
sday,1
joinedso,1
grocers,1
pubs,1
frankie,1
bennys,1
changing,1
diapers,1
owed,1
unlike,1
patients,1
turkeys,1
helens,1
princes,1
dawhere,1
unintentionally,1
garden,1
bulbs,1
seeds,1
pound3350,1
scotsman,1
go2,1
notxtcouk,1
wenever,1
familymay,1
stability,1
tranquility,1
vibrant,1
colourful,1
bawling,1
failure,1
failing,1
velusamy,1
sirs,1
facilities,1
karnan,1
bluray,1
salt,1
wounds,1
logging,1
geoenvironmental,1
implications,1
gently,1
fuuuuck,1
salmon,1
uploaded,1
wrkin,1
ree,1
compensation,1
awkward,1
splash,1
leg,1
musta,1
overdid,1
hiwhat,1
gastroenteritis,1
replace,1
reduce,1
limiting,1
illness,1
foned,1
chuck,1
nightswe,1
port,1
step,4
liaotoo,1
stuffs,1
juswoke,1
boatin,1
docks,1
spinout,1
remet,1
08715203656,1
42049,1
26ten04,1
uworld,1
qbank,1
assessment,1
someonone,1
09064015307,1
tke,1
temales,1
vidnot,1
finishd,1
09061213237,2
177,2
m227xy,2
dull,1
studies,1
anyones,1
treadmill,1
craigslist,1
absolutely,1
drmstake,1
swan,1
teethif,1
asapok,1
hellohow,1
doingwhat,1
twowhen,1
lamp,1
latebut,1
kwish,1
foward,1
09061790126,1
misundrstud,1
2u2,1
genes,1
resuming,1
reapply,1
treatin,1
treacle,1
mumhas,1
beendropping,1
theplace,1
adress,1
moneyi,1
favorite,2
oyster,1
sashimi,1
rumbling,1
marandratha,1
topic,1
correctly,1
sirsalam,1
alaikkumpride,1
shopwe,1
qatarrakhesh,1
indianpls,1
numberrespectful,1
galcan,1
boyy,1
galno,1
heaven,1
princegn,1
pisces,1
aquarius,1
2yrs,1
steyn,1
wicket,1
sterm,1
resolved,1
eggs,2
jam,1
hannaford,1
wheat,1
chex,1
pride,1
grownup,1
stuffwhy,1
costume,1
jerk,1
stink,1
textcomp,1
follows,1
subsequent,1
charged150pmsgtwo,1
84128custcare,1
openings,1
upcharge,1
eighthr,1
guai,1
bottle,3
amused,2
astrology,1
ryans,1
program,1
slacking,1
officestill,1
formsdon,1
mentor,1
percent,1
09095350301,1
erotic,1
ecstacy,1
dept,1
13four04,1
08717507382,1
datingi,1
coincidence,1
sane,1
helping,1
leading,1
151,1
pause,1
gr8prizes,1
8800,1
psp,1
wktxt,1
spacebucks,1
weathers,1
02070836089,1
squeezed,1
meremove,1
maintaining,1
fiveim,1
dreading,1
thou,1
suggestion,1
lands,1
helps,1
forgt,1
ajith,1
ooooooh,1
yoville,1
mega,2
asda,1
counts,1
officer,1
respectful,1
bffs,1
carly,1
someonethat,1
seperatedud,1
brolly,1
franxx,1
welli,1
prometazine,1
syrup,1
5mls,1
feed,1
shu,2
singapore,1
victoria,1
island,2
pocay,1
wocay,1
2morrowxxxx,1
broth,1
ramen,1
fowler,1
ksry,1
sivatats,1
flew,1
09058094583,1
1526,1
pubcafe,1
attention,1
tix,1
biolas,1
fne,1
youdoing,1
worc,1
foregate,1
shrub,1
get4an18th,1
32000,1
legitimat,1
efreefone,1
shopthe,1
receipts,1
pendent,1
toilet,1
stolen,1
cops,1
hu,1
navigate,1
choosing,1
require,1
guidance,1
chick,1
boobs,1
revealing,1
sparkling,1
breaks,1
45,1
0121,1
2025050,1
gyno,1
belong,1
treasure,1
wmlid820554ad0a1705572711firsttruec,1
09050000332,1
mummys,1
positive,1
negative,1
hmmmm,1
dhoni,1
titleso,1
command,1
stressful,1
holby,1
09064017295,1
li,1
lecturer,1
repeating,1
yeovil,1
motor,1
max,1
rhode,1
bong,1
ofcourse,1
2p,2
08448350055,1
planettalkinstantcom,1
loti,1
marvel,1
ultimate,1
spiderman,1
spider,1
83338,1
8ball,1
tamilnaduthen,1
tip,1
07808247860,1
08719899229,1
40411,1
061104,1
apo,1
identification,1
limit,1
boundaries,1
endless,1
reassuring,1
lorwe,1
young,1
referin,1
meis,1
liaoso,1
saibaba,1
colany,1
chic,1
declare,1
49557,1
261104,1
disappointment,1
irritation,1
tantrums,1
compliments,1
adventuring,1
chief,1
gsex,1
2667,1
wc1n,1
3xx,1
3mobile,1
chatlines,1
inclu,1
servs,1
l8er,1
bailiff,1
mouse,1
desk,1
childporn,1
jumpers,1
hat,1
belt,1
cribbs,1
spiritual,1
barring,1
sudden,1
influx,1
kane,1
shud,1
pshewmissing,1
units,1
accent,1
4years,1
dental,1
nmde,1
dump,1
heap,1
lowes,1
salesman,1
two50,1
pound750,1
087187272008,1
now1,1
pity,1
soany,1
suggestions,1
bitching,1
